,Unnamed: 0,price,brand,model,year,title_status,mileage,color,vin,lot,state,country,condition,totalPrice
0,0,6300,toyota,cruiser,2008,clean vehicle,274117.0,black,  jtezu11f88k007763,159348797,new jersey, usa,10 days left,8308
1,1,2899,ford,se,2011,clean vehicle,190552.0,silver,  2fmdk3gc4bbb02217,166951262,tennessee, usa,6 days left,4910
2,2,5350,dodge,mpv,2018,clean vehicle,39590.0,silver,  3c4pdcgg5jt346413,167655728,georgia, usa,2 days left,7368
3,3,25000,ford,door,2014,clean vehicle,64146.0,blue,  1ftfw1et4efc23745,167753855,virginia, usa,22 hours left,27014
4,4,27700,chevrolet,1500,2018,clean vehicle,6654.0,red,  3gcpcrec2jg473991,167763266,florida, usa,22 hours left,29718
5,5,5700,dodge,mpv,2018,clean vehicle,45561.0,white,  2c4rdgeg9jr237989,167655771,texas, usa,2 days left,7718
6,6,7300,chevrolet,pk,2010,clean vehicle,149050.0,black,  1gcsksea1az121133,167753872,georgia, usa,22 hours left,9310
7,7,13350,gmc,door,2017,clean vehicle,23525.0,gray,  1gks2gkc3hr326762,167692494,california, usa,20 hours left,15367
8,8,14600,chevrolet,malibu,2018,clean vehicle,9371.0,silver,  1g1zd5st5jf191860,167763267,florida, usa,22 hours left,16618
9,9,5250,ford,mpv,2017,clean vehicle,63418.0,black,  2fmpk3j92hbc12542,167656121,texas, usa,2 days left,7267
10,10,10400,dodge,coupe,2009,clean vehicle,107856.0,orange,  2b3lj54t49h509675,167753874,georgia, usa,22 hours left,12409
11,11,12920,gmc,mpv,2017,clean vehicle,39650.0,white,  1gks2bkc6hr136280,167692496,california, usa,20 hours left,14937
12,12,31900,chevrolet,1500,2018,clean vehicle,22909.0,black,  3gcukrec0jg176059,167763273,tennessee, usa,22 hours left,33918
13,13,5430,chrysler,wagon,2017,clean vehicle,138650.0,gray,  2c4rc1cg5hr616095,167656123,texas, usa,2 days left,7447
14,14,20700,ford,door,2013,clean vehicle,100757.0,black,  1ftfw1et7dfa47790,167753916,virginia, usa,22 hours left,22713
15,15,12710,gmc,door,2017,clean vehicle,25747.0,white,  1gks2gkc6hr328389,167692497,california, usa,20 hours left,14727
16,16,5200,kia,forte,2018,clean vehicle,46194.0,blue,  3kpfk4a77je198723,167801757,north carolina, usa,2 days left,7218
17,17,16500,buick,encore,2018,clean vehicle,20002.0,red,  kl4cj1sb6jb688844,167763275,tennessee, usa,22 hours left,18518
18,18,5210,ford,mpv,2017,clean vehicle,35714.0,white,  2fmpk3j95hbb73607,167656124,texas, usa,2 days left,7227
19,19,38100,ford,door,2013,clean vehicle,54380.0,gray,  1ft8w3dt5deb68569,167753923,virginia, usa,22 hours left,40113
20,20,12520,gmc,door,2017,clean vehicle,30114.0,white,  1gks2gkcxhr328380,167692498,california, usa,20 hours left,14537
21,21,7300,kia,forte,2018,clean vehicle,38823.0,black,  3kpfl4a79je272611,167801773,north carolina, usa,2 days left,9318
22,22,15000,chevrolet,door,2015,clean vehicle,61578.0,black,  2gnflhe33f6214023,167763280,ohio, usa,2 days left,17015
23,23,6180,ford,mpv,2017,clean vehicle,46010.0,blue,  2fmpk3j84hbc09276,167656125,texas, usa,2 days left,8197
24,24,20800,ford,door,2013,clean vehicle,105510.0,silver,  1ftfw1efxdfa01008,167753937,virginia, usa,22 hours left,22813
25,25,11900,gmc,door,2017,clean vehicle,28040.0,silver,  1gks2gkc2hr327918,167692503,california, usa,20 hours left,13917
26,26,21500,kia,sorento,2020,clean vehicle,11451.0,blue,  5xypg4a59lg616029,167801828,north carolina, usa,2 days left,23520
27,27,12000,buick,door,2014,clean vehicle,31039.0,brown,  1g4ps5sk1e4188639,167763299,ohio, usa,2 days left,14014
28,28,4190,ford,doors,2017,clean vehicle,44174.0,white,  1fadp5auxhl109013,167656126,texas, usa,2 days left,6207
29,29,13000,ford,chassis,2008,clean vehicle,93698.0,white,  1fdwf37r28eb95687,167754098,tennessee, usa,22 hours left,15008
30,30,12710,gmc,door,2017,clean vehicle,26364.0,silver,  1gks2gkc6hr326335,167692504,california, usa,20 hours left,14727
31,31,18500,infiniti,q70,2016,clean vehicle,71967.0,gray,  jn1by1ar7gm271292,167801920,new york, usa,19 hours left,20516
32,32,29800,chevrolet,camaro,1973,clean vehicle,46226.0,red,  1q87t3n166389,167763370,pennsylvania, usa,22 hours left,31773
33,33,5330,ford,mpv,2017,clean vehicle,37792.0,no_color,  2fmpk3j9xhbb56401,167656127,texas, usa,2 days left,7347
34,34,13000,ford,convertible,2003,clean vehicle,58817.0,gray,  1fahp60a63y107799,167754173,virginia, usa,22 hours left,15003
35,35,11900,gmc,door,2017,clean vehicle,27965.0,black,  1gks2gkc2hr328793,167692507,california, usa,20 hours left,13917
36,36,16600,mercedes-benz,vans,2016,clean vehicle,110907.0,white,  8btpe7dd4ge127040,167802259,new york, usa,19 hours left,18616
37,37,19200,chevrolet,1500,2018,clean vehicle,2430.0,white,  1gcncneh5jz302471,167763391,tennessee, usa,22 hours left,21218
38,38,7320,ford,mpv,2017,clean vehicle,32366.0,gold,  2fmpk4k96hbb16692,167656128,texas, usa,2 days left,9337
39,39,7000,ford,pk,2003,clean vehicle,176567.0,white,  1ftnx20p73ed69682,167754187,tennessee, usa,22 hours left,9003
40,40,12710,gmc,door,2017,clean vehicle,30049.0,white,  1gks2gkc6hr325461,167692508,california, usa,20 hours left,14727
41,41,16600,mercedes-benz,vans,2016,clean vehicle,97983.0,white,  wd4pe7dd1gp253504,167802269,new york, usa,19 hours left,18616
42,42,30500,chevrolet,1500,2018,clean vehicle,30442.0,red,  3gcukrec4jg204915,167763393,tennessee, usa,22 hours left,32518
43,43,6330,ford,mpv,2017,clean vehicle,38123.0,red,  2fmpk3j85hbb79415,167656129,texas, usa,2 days left,8347
44,44,55000,ford,srw,2017,clean vehicle,15273.0,black,  1ft7w3bt5hee88155,167754310,pennsylvania, usa,3 days left,57017
45,45,12520,gmc,door,2017,clean vehicle,28972.0,black,  1gks2gkcxhr324555,167692509,california, usa,20 hours left,14537
46,46,16200,jeep,compass,2019,clean vehicle,30061.0,red,  3c4njccb3kt676336,167802530,north carolina, usa,2 days left,18219
47,47,19000,chevrolet,malibu,2017,clean vehicle,18414.0,white,  1g1zh5sx9hf118136,167763675,tennessee, usa,22 hours left,21017
48,48,5580,dodge,mpv,2017,clean vehicle,46829.0,gray,  3c4pddeg7ht595704,167656130,texas, usa,2 days left,7597
49,49,54000,ford,srw,2017,clean vehicle,26241.0,black,  1ft7w3bt0hef02785,167754311,pennsylvania, usa,3 days left,56017
50,50,12710,gmc,mpv,2017,clean vehicle,39886.0,red,  1gks2bkc7hr133811,167692513,california, usa,20 hours left,14727
51,51,16000,jeep,compass,2019,clean vehicle,31594.0,silver,  3c4njccb0kt676343,167802531,north carolina, usa,2 days left,18019
52,52,27000,buick,enclave,2017,clean vehicle,32107.0,no_color,  5gakrckdxhj113512,167763677,tennessee, usa,22 hours left,29017
53,53,7760,ford,mpv,2017,clean vehicle,44794.0,gray,  2fmpk4j87hbb21750,167656131,texas, usa,2 days left,9777
54,54,19600,chrysler,300,2019,clean vehicle,42648.0,gray,  2c3ccabgxkh559658,167754404,south carolina, usa,22 hours left,21619
55,55,12920,gmc,mpv,2017,clean vehicle,39165.0,silver,  1gks2bkc6hr134450,167692514,california, usa,20 hours left,14937
56,56,20000,jeep,cherokee,2019,clean vehicle,38355.0,charcoal,  1c4pjmbx6kd298806,167802532,north carolina, usa,2 days left,22019
57,57,18100,buick,door,2017,clean vehicle,46766.0,silver,  1g4zp5ss8hu149142,167763681,florida, usa,2 days left,20117
58,58,23000,chrysler,pacifica,2020,clean vehicle,2473.0,white,  2c4rc1fg5lr143335,167656205,ohio, usa,2 days left,25020
59,59,18500,chrysler,300,2019,clean vehicle,38586.0,gray,  2c3ccaeg5kh585628,167754410,south carolina, usa,22 hours left,20519
60,60,13490,gmc,door,2017,clean vehicle,27842.0,white,  1gks2gkc0hr323625,167692515,california, usa,20 hours left,15507
61,61,20700,jeep,cherokee,2019,clean vehicle,31156.0,white,  1c4pjmbx2kd360704,167802533,north carolina, usa,2 days left,22719
62,62,17800,chevrolet,door,2017,clean vehicle,52435.0,black,  1g1fb1rsxh0185712,167763683,florida, usa,22 hours left,19817
63,63,6650,ford,door,2017,clean vehicle,29942.0,black,  1fmcu0gd8huc93883,167656254,texas, usa,2 days left,8667
64,64,29100,chrysler,pacifica,2019,clean vehicle,25281.0,red,  2c4rc1gg3kr730663,167754412,south carolina, usa,22 hours left,31119
65,65,12710,gmc,door,2017,clean vehicle,32504.0,silver,  1gks2gkc6hr327937,167692524,california, usa,20 hours left,14727
66,66,21100,jeep,cherokee,2019,clean vehicle,28649.0,silver,  1c4pjmbx6kd298174,167802534,north carolina, usa,2 days left,23119
67,67,18600,chevrolet,door,2017,clean vehicle,35200.0,white,  1g1fb1rsxh0104806,167763684,florida, usa,22 hours left,20617
68,68,4340,ford,door,2017,clean vehicle,25602.0,silver,  1fmcu0gd7huc86259,167656255,texas, usa,2 days left,6357
69,69,19300,chrysler,300,2019,clean vehicle,34801.0,gray,  2c3ccakg4kh594972,167754413,south carolina, usa,22 hours left,21319
70,70,12780,gmc,door,2017,clean vehicle,31009.0,black,  1gks2gkc7hr321306,167692525,california, usa,20 hours left,14797
71,71,15800,jeep,compass,2019,clean vehicle,35595.0,charcoal,  3c4njccb4kt662767,167802541,north carolina, usa,2 days left,17819
72,72,29400,bmw,x3,2017,clean vehicle,23765.0,black,  5uxwx7c3xh0u44145,167763685,tennessee, usa,22 hours left,31417
73,73,4430,ford,door,2017,clean vehicle,31792.0,black,  1fmcu0gd9huc37922,167656256,texas, usa,2 days left,6447
74,74,19400,chrysler,300,2019,clean vehicle,33135.0,gray,  2c3ccakg6kh578112,167754417,south carolina, usa,22 hours left,21419
75,75,12520,gmc,door,2017,clean vehicle,30636.0,red,  1gks2gkcxhr323969,167692526,california, usa,20 hours left,14537
76,76,15900,jeep,compass,2019,clean vehicle,34502.0,red,  3c4njccb7kt660088,167802543,north carolina, usa,2 days left,17919
77,77,26400,buick,door,2017,clean vehicle,25434.0,white,  5gakvckd2hj308564,167763690,florida, usa,22 hours left,28417
78,78,4140,ford,door,2017,clean vehicle,36732.0,black,  1fmcu0gd5hud08310,167656257,texas, usa,2 days left,6157
79,79,18300,chrysler,300,2019,clean vehicle,41792.0,gray,  2c3ccaeg0kh555632,167754420,south carolina, usa,22 hours left,20319
80,80,12520,gmc,door,2017,clean vehicle,31992.0,black,  1gks2gkcxhr328718,167692527,california, usa,20 hours left,14537
81,81,17900,jeep,compass,2019,clean vehicle,32501.0,red,  3c4njddb7kt682015,167802544,north carolina, usa,2 days left,19919
82,82,18300,chevrolet,camaro,2017,clean vehicle,28395.0,black,  1g1fb3dx5h0143964,167763691,florida, usa,22 hours left,20317
83,83,4640,ford,door,2017,clean vehicle,36139.0,blue,  1fmcu0g95huc13712,167656258,texas, usa,2 days left,6657
84,84,24000,ford,door,2016,clean vehicle,84413.0,black,  1ftfw1ef1gfb13670,167754527,pennsylvania, usa,3 days left,26016
85,85,13200,gmc,door,2017,clean vehicle,33457.0,white,  1gks2gkc5hr326410,167692528,california, usa,20 hours left,15217
86,86,18000,jeep,compass,2019,clean vehicle,29245.0,gray,  3c4njddb0kt686052,167802545,north carolina, usa,2 days left,20019
87,87,14900,chevrolet,equinox,2017,clean vehicle,12783.0,silver,  2gnalcek7h1548351,167763692,florida, usa,22 hours left,16917
88,88,4140,ford,door,2017,clean vehicle,17617.0,white,  1fmcu0gd5huc78080,167656259,texas, usa,2 days left,6157
89,89,11500,ford,door,2016,clean vehicle,36855.0,black,  1fmcu9gx9gua57286,167754531,pennsylvania, usa,2 days left,13516
90,90,9110,ford,door,2017,clean vehicle,110316.0,white,  1ftfw1ef5hkc50264,167656356,texas, usa,2 days left,11127
91,91,7350,chrysler,door,2015,clean vehicle,88227.0,black,  1c3cccab7fn613884,167755375,pennsylvania, usa,2 days left,9365
92,92,24500,bmw,door,2017,clean vehicle,17626.0,gray,  wba4f9c51hg439932,167765094,michigan, usa,2 days left,26517
93,93,9300,ford,door,2017,clean vehicle,120353.0,white,  1ftfw1ef4hkc50286,167656357,texas, usa,2 days left,11317
94,94,39800,dodge,challenger,2015,clean vehicle,3641.0,white,  2c3cdzc95fh757310,167755377,pennsylvania, usa,2 days left,41815
95,95,53500,bmw,m,2017,clean vehicle,29355.0,blue,  5ymkt6c37h0x20696,167765095,michigan, usa,2 days left,55517
96,96,15110,ford,door,2017,clean vehicle,39333.0,black,  1ft7w2bt7hec41164,167656358,texas, usa,2 days left,17127
97,97,34000,ford,door,2015,clean vehicle,42930.0,white,  1ft8w3b61fec52078,167755448,pennsylvania, usa,2 days left,36015
98,98,26502,chevrolet,colorado,2017,clean vehicle,24993.0,black,  1gcgtcen4h1158648,167765108,michigan, usa,20 hours left,28519
99,99,5990,ford,mpv,2017,clean vehicle,44929.0,black,  1fm5k7b86hga87008,167656359,texas, usa,2 days left,8007
100,100,13600,ford,focus,2018,clean vehicle,16971.0,black,  1fadp3m26jl307477,167755490,south carolina, usa,21 hours left,15618
101,101,23605,cadillac,door,2017,clean vehicle,35598.0,gray,  1gyknbrsxhz114969,167765109,michigan, usa,2 days left,25622
102,102,10780,ford,mpv,2017,clean vehicle,40455.0,white,  1fm5k8ht0hga07252,167656360,texas, usa,2 days left,12797
103,103,13800,ford,focus,2018,clean vehicle,23164.0,white,  1fadp3j2xjl279400,167755491,south carolina, usa,21 hours left,15818
104,104,25201,cadillac,door,2017,clean vehicle,19011.0,no_color,  1gyknbrs8hz257399,167765111,michigan, usa,2 days left,27218
105,105,7070,ford,mpv,2017,clean vehicle,45191.0,white,  1fm5k7d82hgb39148,167656361,texas, usa,2 days left,9087
106,106,8700,ford,focus,2018,clean vehicle,21405.0,white,  1fadp3k23jl219764,167755494,south carolina, usa,21 hours left,10718
107,107,18003,chevrolet,malibu,2017,clean vehicle,19117.0,no_color,  1g1zh5sx7hf141060,167765112,michigan, usa,17 hours left,20020
108,108,8530,ford,door,2017,clean vehicle,42104.0,black,  1fm5k7f80hga03159,167656362,texas, usa,2 days left,10547
109,109,23100,dodge,durango,2018,clean vehicle,49496.0,white,  1c4rdjdg2jc329601,167755496,south carolina, usa,21 hours left,25118
110,110,24500,cadillac,door,2017,clean vehicle,32418.0,white,  1gykndrs1hz125239,167765114,michigan, usa,2 days left,26517
111,111,7000,ford,mpv,2017,clean vehicle,29882.0,white,  1fm5k7d84hgc31359,167656363,texas, usa,2 days left,9017
112,112,17000,ford,escape,2018,clean vehicle,34819.0,gold,  1fmcu9hd6juc54783,167755501,south carolina, usa,21 hours left,19018
113,113,34002,chevrolet,1500,2017,clean vehicle,31923.0,white,  3gcuktej3hg475034,167765115,michigan, usa,2 days left,36019
114,114,6980,ford,mpv,2017,clean vehicle,29168.0,gray,  1fm5k7d8xhga68751,167656364,texas, usa,2 days left,8997
115,115,25000,dodge,charger,2018,clean vehicle,28307.0,silver,  2c3cdxjg6jh224431,167755814,michigan, usa,21 hours left,27018
116,116,20802,chevrolet,colorado,2017,clean vehicle,33791.0,turquoise,  1gcgtben3h1180134,167765116,michigan, usa,2 days left,22819
117,117,9200,ford,door,2017,clean vehicle,21770.0,black,  1ftew1ep8hfa10123,167656365,texas, usa,2 days left,11217
118,118,26500,chrysler,pacifica,2017,clean vehicle,18375.0,gray,  2c4rc1eg2hr669530,167755839,michigan, usa,21 hours left,28517
119,119,24802,chevrolet,colorado,2017,clean vehicle,14158.0,gray,  1gcgtcen9h1202076,167765119,michigan, usa,2 days left,26819
120,120,7070,ford,mpv,2017,clean vehicle,30318.0,black,  1fm5k7d82hgb21314,167656366,texas, usa,2 days left,9087
121,121,28500,ford,door,2017,clean vehicle,48086.0,red,  1ftew1ep2hkd15978,167755890,south carolina, usa,21 hours left,30517
122,122,47500,cadillac,door,2017,clean vehicle,26562.0,black,  1gys4ckj7hr359884,167765120,michigan, usa,2 days left,49517
123,123,23500,ford,explorer,2017,clean vehicle,57611.0,black,  1fm5k8f80hgc67231,167755891,south carolina, usa,21 hours left,25517
124,124,23505,chevrolet,colorado,2017,clean vehicle,47357.0,black,  1gcptce16h1176629,167765121,michigan, usa,2 hours left,25522
125,125,10940,ford,door,2017,clean vehicle,84916.0,white,  1ftew1ef1hke25038,167656368,texas, usa,2 days left,12957
126,126,32100,ford,f-150,2017,clean vehicle,24521.0,gray,  1ftfw1eg1hfb38806,167755893,south carolina, usa,21 hours left,34117
127,127,53000,chevrolet,3500,2018,clean vehicle,16105.0,black,  1gc4k1ey0jf149152,167765123,washington, usa,21 hours left,55018
128,128,6830,ford,mpv,2017,clean vehicle,35888.0,gold,  1fm5k7dh9hgb05630,167656369,texas, usa,2 days left,8847
129,129,11900,dodge,caravan,2017,clean vehicle,59537.0,gray,  2c4rdgcg3hr864989,167755906,south carolina, usa,21 hours left,13917
130,130,26414,chevrolet,1500,2017,clean vehicle,55222.0,black,  3gcukrec3hg429109,167765140,michigan, usa,20 hours left,28431
131,131,4160,dodge,mpv,2018,clean vehicle,32870.0,gray,  3c4pdcab8jt166940,167656464,florida, usa,17 hours left,6178
132,132,19405,chevrolet,door,2017,clean vehicle,39687.0,silver,  1gnkvgkd0hj145877,167765141,michigan, usa,3 hours left,21422
133,133,5690,dodge,mpv,2018,clean vehicle,47085.0,silver,  2c4rdgeg8jr337145,167656466,florida, usa,17 hours left,7708
134,134,25900,chrysler,van,2017,clean vehicle,32224.0,silver,  2c4rc1gg4hr635019,167756044,south carolina, usa,21 hours left,27917
135,135,24005,chevrolet,1500,2017,clean vehicle,51293.0,beige,  1gcukrecxhf153500,167765146,michigan, usa,20 hours left,26022
136,136,5090,dodge,mpv,2018,clean vehicle,42989.0,gray,  2c4rdgcg2jr218218,167656467,florida, usa,17 hours left,7108
137,137,19500,chrysler,300,2017,clean vehicle,31311.0,gray,  2c3ccabg5hh538726,167756093,arizona, usa,34 minutes,21517
138,138,32012,chevrolet,1500,2017,clean vehicle,46091.0,white,  3gcuksej6hg353147,167765148,michigan, usa,2 days left,34029
139,139,6800,dodge,dart,2016,clean vehicle,49033.0,black,  1c3cdffh0gd823262,167756148,michigan, usa,2 days left,8816
140,140,4260,dodge,mpv,2018,clean vehicle,33957.0,gray,  3c4pdcabxjt311007,167656471,florida, usa,16 hours left,6278
141,141,0,dodge,van,2008,salvage insurance,177948.0,orange,  2d8hn44h88r669549,167756157,utah, usa,2 days left,2008
142,142,31802,chevrolet,2500,2017,clean vehicle,19845.0,silver,  1gc1kveg3hf189737,167765152,michigan, usa,20 hours left,33819
143,143,7210,dodge,doors,2018,clean vehicle,38910.0,black,  2c3cdxct1jh233225,167656472,florida, usa,16 hours left,9228
144,144,0,dodge,door,2014,salvage insurance,123660.0,silver,  1c3cdzab0en111068,167756167,utah, usa,2 days left,2014
145,145,28402,chevrolet,1500,2017,clean vehicle,31234.0,black,  3gcukrec4hg196549,167765157,michigan, usa,2 days left,30419
146,146,6800,dodge,doors,2018,clean vehicle,36767.0,gray,  2c3cdxhgxjh125388,167656473,florida, usa,16 hours left,8818
147,147,33300,cadillac,esv,2015,clean vehicle,57932.0,gray,  1gys4tkj0fr538846,167765183,washington, usa,21 hours left,35315
148,148,10780,dodge,mpv,2018,clean vehicle,19420.0,white,  1c4sdjct1jc174166,167656474,florida, usa,16 hours left,12798
149,149,6700,ford,cutaway,2014,clean vehicle,204155.0,beige,  1fdfe4fs7eda23699,167756194,pennsylvania, usa,3 days left,8714
150,150,20000,chevrolet,1500,2016,clean vehicle,93493.0,white,  3gcuknec9gg342967,167765203,washington, usa,21 hours left,22016
151,151,6440,chrysler,doors,2018,clean vehicle,20942.0,gray,  2c3ccakg8jh168457,167656475,florida, usa,17 hours left,8458
152,152,19900,ford,door,2016,clean vehicle,86826.0,gray,  1fm5k8f8xggc51519,167756205,south carolina, usa,21 hours left,21916
153,153,37000,chevrolet,door,2015,clean vehicle,45787.0,white,  1gc1kwegxff145382,167765217,washington, usa,21 hours left,39015
154,154,4040,dodge,mpv,2018,clean vehicle,50765.0,red,  3c4pdcab6jt273002,167656476,florida, usa,16 hours left,6058
155,155,22300,ford,explorer,2016,clean vehicle,62774.0,black,  1fm5k8fh9ggc37790,167756208,south carolina, usa,21 hours left,24316
156,156,31200,chevrolet,door,2011,clean vehicle,76326.0,gray,  1gc1kxc86bf208814,167765320,washington, usa,21 hours left,33211
157,157,4290,dodge,mpv,2018,clean vehicle,39029.0,white,  3c4pdcab0jt474412,167656477,florida, usa,16 hours left,6308
158,158,22800,ford,el,2016,clean vehicle,72885.0,silver,  1fmjk1ht3gef52975,167756210,south carolina, usa,21 hours left,24816
159,159,19002,cadillac,door,2016,clean vehicle,46467.0,white,  1g6ah1rx1g0193887,167765761,michigan, usa,20 hours left,21018
160,160,4160,dodge,mpv,2018,clean vehicle,6743.0,gray,  3c4pdcab8jt384019,167656478,florida, usa,16 hours left,6178
161,161,18500,ford,edge,2016,clean vehicle,33514.0,white,  2fmpk3j98gbb59781,167756214,south carolina, usa,21 hours left,20516
162,162,39000,bmw,series,2016,clean vehicle,39917.0,blue,  wba7f2c57gg421020,167765766,michigan, usa,2 days left,41016
163,163,6060,dodge,doors,2018,clean vehicle,32504.0,black,  3c4pddgg1jt523058,167656479,florida, usa,18 hours left,8078
164,164,28800,ford,door,2016,clean vehicle,77638.0,white,  1ftew1ep1gfc64335,167756219,south carolina, usa,21 hours left,30816
165,165,40000,bmw,series,2016,clean vehicle,31727.0,gray,  wba7f2c55gg415264,167765767,michigan, usa,2 days left,42016
166,166,6140,dodge,doors,2018,clean vehicle,52966.0,silver,  2c3cdxbg0jh187083,167656480,florida, usa,16 hours left,8158
167,167,21000,ford,flex,2016,clean vehicle,24157.0,gray,  2fmhk6c89gba05297,167756222,south carolina, usa,21 hours left,23016
168,168,20105,buick,door,2016,clean vehicle,51393.0,beige,  5gakvbkd8gj196085,167765770,michigan, usa,20 hours left,22121
169,169,6760,dodge,doors,2018,clean vehicle,35461.0,white,  2c3cdzag7jh321665,167656483,florida, usa,16 hours left,8778
170,170,25800,ford,door,2014,clean vehicle,47055.0,brown,  1ft7x2b62eea29551,167756277,pennsylvania, usa,1 days left,27814
171,171,39000,bmw,series,2016,clean vehicle,33110.0,black,  wba7f2c57gg419607,167765776,michigan, usa,2 days left,41016
172,172,5470,dodge,mpv,2018,clean vehicle,39721.0,black,  3c4pdcgg9jt216280,167656495,florida, usa,16 hours left,7488
173,173,14600,ford,door,2014,clean vehicle,75785.0,black,  1fm5k8f81egb23411,167756284,pennsylvania, usa,21 hours left,16614
174,174,24502,chevrolet,1500,2016,clean vehicle,33624.0,black,  3gcuknec6gg150809,167765812,michigan, usa,20 hours left,26518
175,175,15110,ford,door,2017,clean vehicle,42289.0,white,  1ft7w2bt7hec67263,167656516,texas, usa,2 days left,17127
176,176,7900,ford,door,2014,clean vehicle,79422.0,white,  1fmcu0g9xeud52262,167756290,new york, usa,21 hours left,9914
177,177,27305,chevrolet,door,2016,clean vehicle,28844.0,blue,  3gcukrec5gg383569,167765813,michigan, usa,3 hours left,29321
178,178,15290,ford,door,2017,clean vehicle,66582.0,white,  1ft7w2bt0hef21363,167656517,texas, usa,2 days left,17307
179,179,26500,ford,door,2015,clean vehicle,61436.0,silver,  1ftew1cf3fke12825,167756321,south carolina, usa,21 hours left,28515
180,180,25502,chevrolet,door,2016,clean vehicle,58303.0,silver,  3gcukrec0gg380000,167765816,michigan, usa,20 hours left,27518
181,181,7320,ford,mpv,2017,clean vehicle,55618.0,white,  1fmzk1cmxhkb51025,167656518,texas, usa,2 days left,9337
182,182,3800,chevrolet,van,2009,clean vehicle,261648.0,white,  1gbhg396191112177,167756420,michigan, usa,2 days left,5809
183,183,24502,chevrolet,door,2016,clean vehicle,33045.0,white,  3gcukrec4gg223800,167765817,michigan, usa,20 hours left,26518
184,184,4140,ford,door,2017,clean vehicle,40747.0,white,  3fa6p0h73hr358945,167656519,texas, usa,2 days left,6157
185,185,1400,dodge,pk,2002,clean vehicle,185460.0,black,  1b7hg38n62s587845,167756423,michigan, usa,2 days left,3402
186,186,18402,cadillac,srx,2016,clean vehicle,26667.0,gray,  3gyfnae36gs538333,167765819,michigan, usa,2 days left,20418
187,187,4160,ford,door,2017,clean vehicle,37176.0,white,  3fa6p0hd3hr199785,167656520,texas, usa,2 days left,6177
188,188,175,chrysler,door,2000,salvage insurance,231240.0,red,  2c3hd46r3yh208325,167756464,north carolina, usa,3 days left,2175
189,189,24503,chevrolet,colorado,2016,clean vehicle,18006.0,brown,  1gchtde32g1339478,167765821,michigan, usa,20 hours left,26519
190,190,15840,ford,door,2017,clean vehicle,72445.0,white,  1ft7w2bt8hec67434,167656521,texas, usa,2 days left,17857
191,191,20500,ford,door,2014,clean vehicle,123355.0,black,  1ftfw1et9efb99877,167756547,south carolina, usa,21 hours left,22514
192,192,21003,chevrolet,1500,2016,clean vehicle,44116.0,silver,  1gcvknec1gz396932,167765826,michigan, usa,32 minutes,23019
193,193,4200,ford,door,2017,clean vehicle,60219.0,red,  3fa6p0hd7hr273550,167656522,texas, usa,2 days left,6217
194,194,17400,ford,door,2011,clean vehicle,135077.0,red,  1ftfw1ef1bfa03548,167756635,georgia, usa,21 hours left,19411
195,195,32001,chevrolet,door,2016,clean vehicle,32058.0,black,  3gcuktec5gg350066,167765832,michigan, usa,2 days left,34017
196,196,0,ford,mpv,2017,clean vehicle,76858.0,white,  1fbax2cv0hkb32599,167656523,texas, usa,2 days left,2017
197,197,15700,ford,cab,2011,clean vehicle,309564.0,white,  1fduf5gt8bea80212,167756640,south carolina, usa,21 hours left,17711
198,198,31009,chevrolet,door,2016,clean vehicle,33928.0,white,  3gcuksec3gg369662,167765835,michigan, usa,2 days left,33025
199,199,3740,ford,wagon,2017,clean vehicle,90618.0,white,  nm0ls7e76h1312963,167656524,texas, usa,2 days left,5757
200,200,5000,dodge,pickup,2001,clean vehicle,109360.0,white,  1b7hc16x01s213315,167756836,georgia, usa,21 hours left,7001
201,201,31002,chevrolet,door,2016,clean vehicle,71809.0,white,  1gc1kve82gf207345,167765840,michigan, usa,20 hours left,33018
202,202,3160,ford,doors,2017,clean vehicle,31563.0,gray,  1fadp3e24hl348263,167656526,texas, usa,2 days left,5177
203,203,8600,dodge,pickup,2005,clean vehicle,219823.0,gray,  3d7ks28c15g771945,167756840,south carolina, usa,21 hours left,10605
204,204,6000,chevrolet,malibu,2018,clean vehicle,42090.0,gray,  1g1zb5st8jf226848,167765944,texas, usa,21 hours left,8018
205,205,12990,ford,door,2017,clean vehicle,126523.0,white,  1ft7w2b60hec03964,167656527,texas, usa,2 days left,15007
206,206,25,chevrolet,vehicl,2020,salvage insurance,7232.0,black,  2gnaxkev6l6128374,167756877,kentucky, usa,3 days left,2045
207,207,13200,buick,encore,2017,clean vehicle,60171.0,black,  kl4cjcsb1hb024411,167765959,texas, usa,21 hours left,15217
208,208,4410,ford,wagon,2017,clean vehicle,209915.0,white,  nm0ls7e79h1312701,167656528,texas, usa,2 days left,6427
209,209,25,chrysler,door,2005,salvage insurance,151815.0,silver,  2c3ja43r35h179032,167757193,massachusetts, usa,3 days left,2030
210,210,22500,chevrolet,camaro,2020,clean vehicle,13826.0,green,  1g1fb1rx6l0109117,167765992,georgia, usa,3 days left,24520
211,211,7420,ford,mpv,2017,clean vehicle,55854.0,white,  1fmzk1cm1hkb51026,167656529,texas, usa,2 days left,9437
212,212,13500,ford,door,2016,clean vehicle,45757.0,silver,  1fatp8uhxg5296168,167757353,arizona, usa,20 hours left,15516
213,213,15500,chevrolet,trax,2020,clean vehicle,16545.0,white,  3gncjlsb1ll142267,167765995,georgia, usa,3 days left,17520
214,214,3540,ford,door,2017,clean vehicle,112893.0,white,  3fa6p0g73hr140652,167656530,texas, usa,2 days left,5557
215,215,17000,ford,door,2016,clean vehicle,126802.0,no_color,  1ft7w2b60geb96643,167757879,florida, usa,2 hours left,19016
216,216,45500,chevrolet,tahoe,2020,clean vehicle,13303.0,white,  1gnscbkc4lr164829,167765997,georgia, usa,3 days left,47520
217,217,4130,ford,door,2017,clean vehicle,34061.0,silver,  3fa6p0hd8hr305132,167656531,texas, usa,2 days left,6147
218,218,15700,ford,door,2015,clean vehicle,70251.0,white,  1ftew1cg0ffa89853,167757917,arizona, usa,14 hours left,17715
219,219,45500,chevrolet,tahoe,2020,clean vehicle,13679.0,gray,  1gnscbkcxlr162857,167765999,georgia, usa,3 days left,47520
220,220,4130,ford,doors,2017,clean vehicle,42426.0,gray,  3fa6p0lu4hr246569,167656532,texas, usa,2 days left,6147
221,221,15500,dodge,door,2012,clean vehicle,66452.0,black,  1c6rd7lt4cs187334,167757926,pennsylvania, usa,2 days left,17512
222,222,16300,chevrolet,trax,2020,clean vehicle,18221.0,white,  3gncjlsb4ll149763,167766003,georgia, usa,3 days left,18320
223,223,4530,ford,mpv,2017,clean vehicle,41455.0,white,  1fmzk1cm7hkb51015,167656533,texas, usa,2 days left,6547
224,224,15600,dodge,door,2011,clean vehicle,35275.0,black,  1d7rw3gp7bs614101,167758116,pennsylvania, usa,2 days left,17611
225,225,45500,chevrolet,tahoe,2020,clean vehicle,13885.0,white,  1gnscbkc6lr159535,167766009,georgia, usa,3 days left,47520
226,226,4100,ford,door,2017,clean vehicle,38815.0,gray,  3fa6p0hd2hr178393,167656535,texas, usa,2 days left,6117
227,227,18200,dodge,door,2011,clean vehicle,162281.0,white,  3d73y4clxbg535425,167758122,pennsylvania, usa,2 days left,20211
228,228,10200,chevrolet,door,2013,clean vehicle,56479.0,black,  2g1fc3d32d9188287,167766025,texas, usa,21 hours left,12213
229,229,4080,ford,doors,2017,clean vehicle,61027.0,black,  3fa6p0luxhr231039,167656536,texas, usa,2 days left,6097
230,230,5700,ford,van,2014,clean vehicle,178703.0,white,  1ftss3el7eda50076,167758159,florida, usa,2 hours left,7714
231,231,10200,chevrolet,3500,2014,clean vehicle,173469.0,white,  1gc3czcg1ef176545,167766029,texas, usa,21 hours left,12214
232,232,5000,ford,door,2017,clean vehicle,37321.0,white,  3fa6p0k93hr257687,167656538,texas, usa,2 days left,7017
233,233,1700,ford,door,2014,clean vehicle,112789.0,white,  1fadp3f20el320177,167758222,florida, usa,2 hours left,3714
234,234,6200,bmw,door,2011,clean vehicle,80394.0,gray,  wbaph7g58bnn05983,167766036,texas, usa,21 hours left,8211
235,235,3650,ford,door,2016,clean vehicle,68142.0,white,  1fmcu0f78gub36672,167656726,texas, usa,2 days left,5666
236,236,10500,dodge,door,2014,clean vehicle,74203.0,white,  2c3cdxct3eh230364,167758265,arizona, usa,1 days left,12514
237,237,43500,chevrolet,2500,2018,clean vehicle,57604.0,white,  1gc1kwey3jf123662,167766138,georgia, usa,6 days left,45518
238,238,4610,dodge,van,2016,clean vehicle,87229.0,silver,  2c4rdgbg2gr345223,167656729,texas, usa,2 days left,6626
239,239,3450,ford,door,2012,clean vehicle,90711.0,white,  3fahp0ha5cr389742,167758419,florida, usa,1 days left,5462
240,240,38500,chevrolet,suburban,2018,clean vehicle,11135.0,silver,  1gnschkc6jr269601,167766143,georgia, usa,3 days left,40518
241,241,6810,ford,mpv,2016,clean vehicle,66781.0,silver,  2fmpk3k95gbb76939,167656730,texas, usa,2 days left,8826
242,242,2900,ford,cargo,2011,clean vehicle,190994.0,white,  1ftne2ew6bda76057,167758509,florida, usa,2 hours left,4911
243,243,43500,chevrolet,2500,2018,clean vehicle,56007.0,white,  1gc1kwey6jf259008,167766144,georgia, usa,6 days left,45518
244,244,4450,ford,mpv,2016,clean vehicle,32486.0,white,  2fmpk3g96gbc42228,167656731,texas, usa,2 days left,6466
245,245,5800,ford,door,2011,clean vehicle,195908.0,white,  1ftew1cm0bfc14625,167758515,florida, usa,2 hours left,7811
246,246,16500,chevrolet,equinox,2018,clean vehicle,18020.0,silver,  2gnaxjev9j6276848,167766146,georgia, usa,3 days left,18518
247,247,4240,dodge,mpv,2016,clean vehicle,83262.0,white,  3c4pdcbb9gt181387,167656732,texas, usa,2 days left,6256
248,248,26500,ford,pickup,2008,clean vehicle,62015.0,white,  1ftxw43r18eb10682,167758527,pennsylvania, usa,1 days left,28508
249,249,13700,chevrolet,equinox,2017,clean vehicle,36421.0,silver,  2gnalcek6h6289807,167766173,georgia, usa,3 days left,15717
250,250,8600,ford,door,2016,clean vehicle,73321.0,white,  1ftew1cf8gkd34592,167656733,texas, usa,2 days left,10616
251,251,8000,ford,chassis,2008,clean vehicle,132379.0,white,  1fdxf46r08ea18180,167758623,florida, usa,2 days left,10008
252,252,14200,chevrolet,equinox,2017,clean vehicle,28013.0,silver,  2gnalcek6h6288804,167766178,georgia, usa,3 days left,16217
253,253,7040,ford,mpv,2016,clean vehicle,33291.0,silver,  2fmpk3k80gbc65759,167656736,texas, usa,2 days left,9056
254,254,4700,ford,chassis,2005,clean vehicle,225236.0,no_color,  1fdxf46p35ea79064,167758702,florida, usa,2 hours left,6705
255,255,30851,chevrolet,door,2016,clean vehicle,43176.0,red,  3gcuksec6gg284475,167766204,georgia, usa,2 days left,32867
256,256,4880,ford,mpv,2016,clean vehicle,36876.0,silver,  2fmpk4g97gbc51848,167656738,texas, usa,2 days left,6896
257,257,14500,dodge,pickup,2006,clean vehicle,111782.0,silver,  1d7ks28c96j246101,167758709,pennsylvania, usa,3 days left,16506
258,258,7600,chevrolet,door,2017,clean vehicle,110489.0,brown,  1g1ze5st0hf155999,167766640,nebraska, usa,5 hours left,9617
259,259,13270,ford,door,2016,clean vehicle,84035.0,white,  1ft7w2btxgeb64448,167656756,texas, usa,2 days left,15286
260,260,12800,ford,door,2012,clean vehicle,131101.0,gray,  1ftfw1et3cfb01665,167758730,arizona, usa,20 hours left,14812
261,261,33000,chevrolet,1500,2018,clean vehicle,52521.0,white,  3gcukreh0jg303596,167766786,ontario, canada,10 days left,35018
262,262,9280,ford,door,2016,clean vehicle,101380.0,white,  1ftfw1ef9gkf57726,167656757,texas, usa,2 days left,11296
263,263,900,ford,van,2003,clean vehicle,142027.0,white,  1ftne24293hb19928,167758752,florida, usa,2 hours left,2903
264,264,7560,ford,door,2016,clean vehicle,111476.0,gray,  1ftfx1ef7gkd59790,167656758,texas, usa,2 days left,9576
265,265,19500,ford,drw,2011,clean vehicle,76897.0,white,  1fd8w3gt0beb32874,167759102,pennsylvania, usa,2 days left,21511
266,266,17100,chevrolet,malibu,2019,clean vehicle,15780.0,white,  1g1zd5st5kf112138,167767034,washington, usa,2 days left,19119
267,267,8020,ford,door,2016,clean vehicle,31944.0,white,  1ftew1cp2gke43168,167656759,texas, usa,2 days left,10036
268,268,10300,ford,fiesta,2019,clean vehicle,18937.0,black,  3fadp4bjxkm123238,167759377,missouri, usa,4 days left,12319
269,269,22600,chevrolet,van,2019,clean vehicle,9706.0,white,  1gcwgafgxk1243764,167767036,washington, usa,2 days left,24619
270,270,10480,ford,doors,2016,clean vehicle,57289.0,gray,  wf0dp3th0g4113219,167656760,texas, usa,2 days left,12496
271,271,10300,ford,fiesta,2019,clean vehicle,19956.0,silver,  3fadp4bj4km123235,167759380,missouri, usa,4 days left,12319
272,272,22700,chevrolet,van,2019,clean vehicle,6075.0,white,  1gcwgafg4k1252945,167767041,washington, usa,2 days left,24719
273,273,7410,ford,door,2016,clean vehicle,21034.0,gray,  1ftex1ep1gfd60365,167656761,texas, usa,2 days left,9426
274,274,10300,ford,fiesta,2019,clean vehicle,22881.0,gray,  3fadp4bj7km123231,167759385,missouri, usa,4 days left,12319
275,275,10300,chevrolet,door,2013,clean vehicle,167600.0,gray,  1gc4k0cgxdf194396,167767134,washington, usa,2 days left,12313
276,276,7570,ford,door,2016,clean vehicle,37252.0,white,  1ftfx1ef0gkf25969,167656762,texas, usa,2 days left,9586
277,277,67000,dodge,challenger,2019,clean vehicle,10944.0,blue,  2c3cdzl97kh518237,167759490,ohio, usa,21 hours left,69019
278,278,18900,chevrolet,impala,2019,clean vehicle,27601.0,white,  1g11z5s37ku129047,167767312,texas, usa,21 hours left,20919
279,279,12560,ford,doors,2019,clean vehicle,15958.0,white,  1fd8w3ht1kee23298,167656776,florida, usa,18 hours left,14579
280,280,33000,dodge,durango,2019,clean vehicle,32251.0,white,  1c4sdjct6kc717612,167759493,ohio, usa,21 hours left,35019
281,281,18300,chevrolet,impala,2019,clean vehicle,25809.0,black,  2g11z5s33k9132248,167767315,texas, usa,21 hours left,20319
282,282,11760,ford,cab,2017,clean vehicle,30553.0,white,  1fd8w3ht4hed36245,167656779,texas, usa,2 days left,13777
283,283,31700,dodge,durango,2019,clean vehicle,26549.0,red,  1c4sdjct5kc744865,167759499,ohio, usa,21 hours left,33719
284,284,25,dodge,door,2007,salvage insurance,160528.0,dark blue,  2b3ka43g87h836300,167416803,minnesota, usa,17 hours left,2032
285,285,0,ford,door,2000,salvage insurance,124969.0,black,  1fafp34p7yw270338,167251902,oklahoma, usa,17 hours left,2000
286,286,7340,ford,doors,2019,clean vehicle,15854.0,gray,  1fatp8uh7k5172626,167693585,florida, usa,17 hours left,9359
287,287,8200,hyundai,door,2017,clean vehicle,56690.0,white,  5npd84lf6hh128808,167117726,connecticut, usa,5 hours left,10217
288,288,3000,kia,door,2013,clean vehicle,97142.0,silver,  knagm4a75d5378293,167552545,missouri, usa,9 days left,5013
289,289,6530,jeep,mpv,2019,clean vehicle,10185.0,black,  3c4njdcb3kt659526,167680488,georgia, usa,17 hours left,8549
290,290,0,mazda,door,2009,salvage insurance,117541.0,gray,  jm3er293590215768,167543177,indiana, usa,16 hours left,2009
291,291,12700,kia,soul,2019,clean vehicle,23514.0,silver,  kndjp3a55k7006351,167679072,california, usa,10 days left,14719
292,292,13800,kia,sorento,2017,clean vehicle,86959.0,gray,  5xyphda50hg232046,167803771,north carolina, usa,3 days left,15817
293,293,0,chevrolet,pickup,1998,salvage insurance,258631.0,gray,  1gccs1445wk226994,167417659,texas, usa,17 hours left,1998
294,294,725,ford,door,2017,salvage insurance,67279.0,gray,  3fa6p0h75hr150081,167255037,virginia, usa,2 days left,2742
295,295,7400,ford,doors,2019,clean vehicle,16482.0,gray,  1fatp8uh2k5188622,167693593,florida, usa,17 hours left,9419
296,296,9800,hyundai,elantra,2017,clean vehicle,35687.0,red,  kmhd84lf5hu191402,167117732,connecticut, usa,5 hours left,11817
297,297,0,honda,door,2003,salvage insurance,152608.0,white,  1hgcm56363a030975,167552893,arkansas, usa,17 hours left,2003
298,298,4400,jeep,mpv,2019,clean vehicle,17911.0,green,  3c4njcbbxkt664931,167680540,georgia, usa,17 hours left,6419
299,299,10330,infiniti,mpv,2019,clean vehicle,21278.0,blue,  5n1dl0mm9kc550722,167698666,florida, usa,22 hours left,12349
300,300,1800,chevrolet,door,2011,salvage insurance,47269.0,black,  2g1fb3ddxb9212618,167418537,arkansas, usa,17 hours left,3811
301,301,50,chevrolet,door,2008,salvage insurance,172102.0,blue,  1g1al58f787159241,167650632,texas, usa,18 hours left,2058
302,302,720,ford,wagon,2006,clean vehicle,26914.0,no_color,  1fafp36n06w137851,167660576,florida, usa,23 hours left,2726
303,303,22800,ford,door,2017,clean vehicle,67217.0,red,  1ftew1ep3hfb25518,167765330,michigan, usa,2 days left,24817
304,304,2500,ford,door,2017,salvage insurance,78698.0,black,  1fmcu9gd2huc27625,167359161,california, usa,19 hours left,4517
305,305,0,ford,door,2003,salvage insurance,246065.0,gold,  1fafp55u03a242094,167610324,kansas, usa,8 days left,2003
306,306,9190,gmc,mpv,2017,clean vehicle,41961.0,black,  1gkknxls3hz174527,167703306,virginia, usa,17 hours left,11207
307,307,10900,jeep,mpv,2019,clean vehicle,13273.0,red,  1c4hjxeg1kw609998,167264249,michigan, usa,2 days left,12919
308,308,10400,infiniti,mpv,2019,clean vehicle,31713.0,black,  5n1dl0mm1kc552741,167698670,florida, usa,22 hours left,12419
309,309,0,chevrolet,door,2004,salvage insurance,0.0,maroon,  3gnek12t74g240524,167418651,wyoming, usa,18 hours left,2004
310,310,0,chevrolet,door,2003,salvage insurance,194673.0,gray,  1gndt13s632267445,167650636,texas, usa,18 hours left,2003
311,311,7320,chevrolet,pickup,2008,clean vehicle,325611.0,silver,  1gchk23648f125262,167660581,florida, usa,22 hours left,9328
312,312,22809,ford,f-150,2017,clean vehicle,50732.0,black,  1ftfx1ef5hke41700,167765332,michigan, usa,20 hours left,24826
313,313,0,ford,van,1998,salvage insurance,186855.0,blue,  2fmda5143wba16791,167359170,california, usa,19 hours left,1998
314,314,0,ford,door,2013,salvage insurance,94004.0,black,  3fa6p0h74dr270819,167610728,minnesota, usa,17 hours left,2013
315,315,5520,gmc,mpv,2017,clean vehicle,52904.0,silver,  2gkfltek8h6226257,167703312,virginia, usa,17 hours left,7537
316,316,10900,jeep,mpv,2019,clean vehicle,14195.0,orange,  1c4hjxeg1kw608401,167264250,michigan, usa,2 days left,12919
317,317,6330,jeep,mpv,2019,clean vehicle,43965.0,red,  1c4pjldbxkd300679,167698671,florida, usa,22 hours left,8349
318,318,0,chevrolet,door,2009,salvage insurance,117059.0,black,  kl1td66e39b645208,167418694,colorado, usa,18 hours left,2009
319,319,25,chevrolet,pickup,2010,salvage insurance,149189.0,white,  3gcrkse37ag234620,167650663,colorado, usa,18 hours left,2035
320,320,2320,dodge,door,2007,clean vehicle,112182.0,red,  2b3ka43g67h630568,167660582,florida, usa,22 hours left,4327
321,321,23702,ford,door,2017,clean vehicle,49024.0,black,  1ftew1ep4hkc08477,167765335,michigan, usa,2 days left,25719
322,322,0,ford,chassis,1994,salvage insurance,0.0,green,  1fdee14n7rha47894,167359174,california, usa,19 hours left,1994
323,323,0,ford,door,1997,salvage insurance,203297.0,green,  1fmdu35p7vub38059,167610731,minnesota, usa,17 hours left,1997
324,324,5520,gmc,mpv,2017,clean vehicle,35821.0,silver,  2gkfltek8h6338184,167703317,virginia, usa,17 hours left,7537
325,325,4050,heartland,pioneer,2018,clean vehicle,1.0,gray,  5sfpb3326je365727,167265963,pennsylvania, usa,7 days left,6068
326,326,14810,infiniti,mpv,2019,clean vehicle,32611.0,brown,  jn8az2ne0k9233910,167698673,florida, usa,22 hours left,16829
327,327,25,chevrolet,door,2011,salvage insurance,105244.0,white,  1gccsbf97b8118236,167650664,colorado, usa,18 hours left,2036
328,328,2960,chrysler,van,2008,clean vehicle,164048.0,red,  2a8hr54px8r787529,167660587,florida, usa,23 hours left,4968
329,329,24800,ford,door,2017,clean vehicle,46955.0,gray,  1ftew1ef3hfc22483,167765337,michigan, usa,2 days left,26817
330,330,0,ford,door,1996,salvage insurance,296860.0,green,  1falp62w5th144314,167359712,california, usa,19 hours left,1996
331,331,0,ford,door,2006,salvage insurance,203158.0,red,  1fmzk04136ga07119,167610991,illinois, usa,17 hours left,2006
332,332,6270,gmc,mpv,2017,clean vehicle,70443.0,black,  2gkfluek3h6232330,167703322,virginia, usa,17 hours left,8287
333,333,1880,heartland,trail,2012,clean vehicle,1.0,white,  5sfnb2425ce237109,167266201,pennsylvania, usa,7 days left,3892
334,334,10050,infiniti,mpv,2019,clean vehicle,18229.0,gray,  5n1dl0mm3kc557634,167698674,florida, usa,22 hours left,12069
335,335,225,chevrolet,door,2014,salvage insurance,87673.0,red,  3gcukrec2eg226031,167650668,colorado, usa,18 hours left,2239
336,336,26900,chevrolet,traverse,2018,clean vehicle,42941.0,black,  1gnevhkw8jj148388,167781794,missouri, usa,20 hours left,28918
337,337,1420,chrysler,door,2007,clean vehicle,104405.0,gold,  1c3lc66m77n591138,167660594,florida, usa,23 hours left,3427
338,338,27003,ford,door,2017,clean vehicle,57186.0,black,  1ftew1ef4hfa16802,167765338,michigan, usa,20 hours left,29020
339,339,0,ford,door,2002,salvage insurance,214800.0,black,  3fafp37372r151014,167360232,south carolina, usa,2 days left,2002
340,340,350,ford,door,2004,salvage insurance,236980.0,gray,  1fmfu16lx4la45470,167611031,illinois, usa,17 hours left,2354
341,341,5600,gmc,mpv,2017,clean vehicle,59808.0,black,  2gkfltek3h6256220,167703323,virginia, usa,17 hours left,7617
342,342,6680,heartland,country,2011,clean vehicle,1.0,gray,  5sfbg3524be216811,167266214,pennsylvania, usa,7 days left,8691
343,343,10120,infiniti,mpv,2019,clean vehicle,20681.0,white,  5n1dl0mm2kc556913,167698675,florida, usa,22 hours left,12139
344,344,0,chevrolet,door,2010,salvage insurance,137422.0,red,  2cnflnew5a6355858,167650683,colorado, usa,18 hours left,2010
345,345,3920,ford,door,2015,clean vehicle,102700.0,white,  1ftmf1c85fkd31564,167660596,georgia, usa,2 days left,5935
346,346,23100,ford,door,2017,clean vehicle,53270.0,black,  1ftew1epxhfb71427,167765343,michigan, usa,20 hours left,25117
347,347,0,gmc,door,2004,salvage insurance,235348.0,gold,  1gket16s646227597,167360322,south carolina, usa,2 days left,2004
348,348,5630,gmc,mpv,2017,clean vehicle,27195.0,black,  2gkfltek2h6218025,167703325,virginia, usa,17 hours left,7647
349,349,0,heartland,sundance,2009,clean vehicle,1.0,white,  5sfgf29269e031344,167266321,pennsylvania, usa,7 days left,2009
350,350,2800,jaguar,doors,2019,clean vehicle,20849.0,black,  sajbd4fx6kcy78964,167698678,florida, usa,22 hours left,4819
351,351,0,chevrolet,door,2008,salvage insurance,159266.0,gray,  2g1wb58kx81220813,167650796,california, usa,19 hours left,2008
352,352,8850,ford,door,2015,clean vehicle,143818.0,black,  1ftew1cf6ffc68843,167660597,georgia, usa,2 days left,10865
353,353,18712,ford,f-150,2017,clean vehicle,67347.0,black,  1ftex1e83hfb13813,167765400,michigan, usa,20 hours left,20729
354,354,0,ford,pickup,2009,salvage insurance,180364.0,blue,  1ftyr10d19pa60391,167360535,tennessee, usa,2 days left,2009
355,355,0,ford,door,2009,salvage insurance,184889.0,black,  1fahp35n09w109143,167611047,illinois, usa,17 hours left,2009
356,356,6300,gmc,mpv,2017,clean vehicle,117400.0,blue,  2gkfluek6h6317310,167703326,virginia, usa,17 hours left,8317
357,357,2220,heartland,country,2010,clean vehicle,1.0,white,  5sfbg3823ae204868,167266337,pennsylvania, usa,7 days left,4230
358,358,6930,jeep,mpv,2019,clean vehicle,47798.0,red,  1c4pjmdx4kd197521,167698679,florida, usa,22 hours left,8949
359,359,25,chevrolet,door,2008,salvage insurance,130623.0,white,  1gnfc13j88r167278,167650817,california, usa,8 days left,2033
360,360,3440,ford,door,2015,clean vehicle,124542.0,white,  1fadp5au3fl108248,167660600,georgia, usa,2 days left,5455
361,361,50412,ford,door,2017,clean vehicle,47129.0,black,  1ft7w2bt3hef41039,167765418,michigan, usa,2 days left,52429
362,362,25,ford,pickup,1994,salvage insurance,206162.0,white,  1ftdf15y2rnb12612,167361489,georgia, usa,2 days left,2019
363,363,950,ford,pk,2001,salvage insurance,229886.0,red,  1ftrx17w41nb80705,167611176,illinois, usa,17 hours left,2951
364,364,9270,gmc,mpv,2017,clean vehicle,19490.0,gray,  1gkknxls2hz262405,167703329,virginia, usa,17 hours left,11287
365,365,11380,jeep,mpv,2019,clean vehicle,12038.0,black,  1c4hjxeg2kw600727,167271446,michigan, usa,2 days left,13399
366,366,5350,hyundai,mpv,2019,clean vehicle,43536.0,blue,  km8j33a49ku860727,167698680,florida, usa,22 hours left,7369
367,367,2725,chevrolet,door,2004,salvage insurance,308451.0,black,  1gcjc33204f177273,167650940,south carolina, usa,2 days left,4729
368,368,3790,ford,door,2015,clean vehicle,100893.0,gray,  3fa6p0h71fr180238,167660602,georgia, usa,2 days left,5805
369,369,40514,ford,door,2017,clean vehicle,90304.0,white,  1ft7w2bt6heb60592,167765419,michigan, usa,20 hours left,42531
370,370,0,ford,door,1997,salvage insurance,146912.0,green,  1ftdf18w8vna61251,167362449,wisconsin, usa,2 days left,1997
371,371,0,ford,door,1998,salvage insurance,131367.0,white,  1ftrf18l7wka62471,167611301,illinois, usa,17 hours left,1998
372,372,9190,gmc,mpv,2017,clean vehicle,31394.0,gray,  1gkknxls7hz295013,167703330,virginia, usa,17 hours left,11207
373,373,10330,infiniti,mpv,2019,clean vehicle,25933.0,gray,  5n1dl0mm9kc556522,167698681,florida, usa,22 hours left,12349
374,374,1000,acura,door,2008,salvage insurance,118250.0,gray,  5j8tb18578a010979,167362709,michigan, usa,2 days left,3008
375,375,2925,bmw,door,2013,salvage insurance,46060.0,white,  5uxwx9c57d0a24286,167651122,florida, usa,2 days left,4938
376,376,3830,ford,door,2015,clean vehicle,50593.0,gold,  3fa6p0hdxfr241138,167660603,georgia, usa,2 days left,5845
377,377,43402,ford,door,2017,clean vehicle,62387.0,blue,  1ft7w2bt3hed62547,167765425,michigan, usa,2 days left,45419
378,378,1025,gmc,door,2009,salvage insurance,169634.0,black,  1gkfk03219r252659,167362649,michigan, usa,2 days left,3034
379,379,17200,honda,van,2016,clean vehicle,72527.0,gray,  5fnrl5h65gb151898,167611321,new jersey, usa,2 hours left,19216
380,380,54680,harley-davidson,road/street,2016,clean vehicle,9502.0,black,  1hd1krm1xgb609213,167703374,virginia, usa,18 hours left,56696
381,381,6940,honda,door,2010,clean vehicle,217290.0,no_color,  5fnyf4h99ab034386,167275444,pennsylvania, usa,3 days left,8950
382,382,13080,infiniti,mpv,2019,clean vehicle,17243.0,gray,  jn8az2nf9k9685086,167698683,florida, usa,22 hours left,15099
383,383,25,chevrolet,door,2007,salvage insurance,194903.0,gray,  3gnfk16307g310044,167651207,virginia, usa,2 days left,2032
384,384,10630,ford,door,2015,clean vehicle,82899.0,white,  1ftew1eg0ffb32472,167660608,georgia, usa,2 days left,12645
385,385,43009,ford,door,2017,clean vehicle,76418.0,white,  1ft7w2bt3heb19966,167765426,michigan, usa,2 days left,45026
386,386,25,gmc,door,2003,salvage insurance,138441.0,white,  1gkdt13s332100344,167362657,michigan, usa,2 days left,2028
387,387,4600,ford,pickup,2006,salvage insurance,240740.0,brown,  1ftpw14v66fa82105,167611554,mississippi, usa,8 days left,6606
388,388,4950,honda,mpv,2016,clean vehicle,71404.0,black,  2hkrm3h45gh513861,167703381,virginia, usa,17 hours left,6966
389,389,3760,hyundai,doors,2019,clean vehicle,30382.0,silver,  5npd84lf6kh456317,167698685,florida, usa,22 hours left,5779
390,390,3900,acura,door,2009,clean vehicle,179389.0,black,  19uua96529a004646,167389316,texas, usa,2 hours left,5909
391,391,0,cadillac,coupe,2000,salvage insurance,105169.0,white,  1g6el12y9yu148063,167651218,virginia, usa,9 days left,2000
392,392,3830,ford,door,2015,clean vehicle,82534.0,silver,  3fa6p0hdxfr258523,167660609,georgia, usa,2 days left,5845
393,393,53500,ford,door,2017,clean vehicle,55732.0,white,  1ft8w4dtxhed96692,167765452,michigan, usa,20 hours left,55517
394,394,25,ford,door,2010,salvage insurance,198596.0,gray,  1fmeu7de5aua53694,167362668,michigan, usa,2 days left,2035
395,395,25,ford,door,1998,salvage insurance,300021.0,brown,  1ftzx0766wka18481,167611660,arkansas, usa,17 hours left,2023
396,396,6240,honda,door,2015,clean vehicle,83623.0,silver,  5fnyf4h26fb052452,167703518,virginia, usa,2 days left,8255
397,397,4150,jeep,door,2014,clean vehicle,108895.0,white,  1c4njrfb0ed707552,167698715,new york, usa,2 days left,6164
398,398,25,jeep,door,1999,salvage insurance,226972.0,black,  1j4gw58s4xc558310,167246338,florida, usa,16 hours left,2024
399,399,61200,bmw,series,2020,clean vehicle,7509.0,black,  wba7t2c04lgl17687,167417053,california, usa,7 days left,63220
400,400,0,buick,door,2006,salvage insurance,137464.0,blue,  2g4wc582961163677,167651221,virginia, usa,9 days left,2006
401,401,13500,bmw,series,2014,clean vehicle,33542.0,blue,  wba3d5c51ekx97650,167782815,new jersey, usa,2 days left,15514
402,402,6490,ford,door,2015,clean vehicle,74754.0,black,  1fm5k7d88fga24308,167660611,georgia, usa,2 days left,8505
403,403,51502,ford,door,2017,clean vehicle,27661.0,black,  1ft8w3dt8hec12120,167765457,michigan, usa,2 days left,53519
404,404,250,ford,door,2010,salvage insurance,115241.0,white,  3fahp0ha6ar187697,167362678,michigan, usa,2 days left,2260
405,405,25,ford,door,1984,salvage insurance,41577.0,white,  2ftcf15y9eca14589,167611661,arkansas, usa,17 hours left,2009
406,406,8160,honda,van,2015,clean vehicle,109027.0,gray,  5fnrl5h96fb012419,167703523,virginia, usa,2 days left,10175
407,407,7770,jeep,door,2014,clean vehicle,72732.0,gray,  1c4rjfbg4ec441069,167698716,new york, usa,2 days left,9784
408,408,200,jeep,door,2001,salvage insurance,126400.0,green,  1j4ft48s01l590080,167247039,maryland, usa,16 hours left,2201
409,409,25,audi,door,2008,salvage insurance,177422.0,black,  wa1by74l38d010163,167417202,texas, usa,17 hours left,2033
410,410,0,chevrolet,door,1995,salvage insurance,274706.0,green,  2gcec19h8s1195266,167425634,arizona, usa,2 days left,1995
411,411,1825,bmw,coupe,2008,salvage insurance,77984.0,white,  wbawb33548p132854,167651338,georgia, usa,2 days left,3833
412,412,39800,bmw,series,2017,clean vehicle,23177.0,blue,  wba7e2c58hg739412,167782823,california, usa,21 hours left,41817
413,413,9210,ford,door,2015,clean vehicle,26911.0,silver,  1ftew1cg4ffa66589,167660613,georgia, usa,2 days left,11225
414,414,58500,ford,srw,2019,clean vehicle,21527.0,blue,  1ft8w3bt3kee15023,167765561,washington, usa,21 hours left,60519
415,415,125,ford,door,2014,salvage insurance,56461.0,silver,  1fm5k8gt9ega74266,167362681,michigan, usa,2 days left,2139
416,416,3960,honda,door,2015,clean vehicle,95128.0,white,  19xfb2f81fe252000,167703530,virginia, usa,2 days left,5975
417,417,5998,hyundai,doors,2014,clean vehicle,122975.0,phantom black,  5npdh4ae0eh480157,167279690,new york, usa,5 days left,8012
418,418,3700,honda,doors,2014,clean vehicle,162824.0,blue,  jhmze2h34es000337,167698717,new york, usa,2 days left,5714
419,419,0,kia,wagon,2008,salvage insurance,148463.0,silver,  knafg525787197602,167247592,indiana, usa,16 hours left,2008
420,420,0,audi,door,2005,salvage insurance,181896.0,black,  waudg74f05n113751,167419563,california, usa,19 hours left,2005
421,421,0,bmw,door,2000,salvage insurance,216657.0,gray,  wbaam3346yfp77118,167425906,utah, usa,2 days left,2000
422,422,5000,gmc,door,2012,clean vehicle,140339.0,black,  1gkkrpedxcj207971,167702669,utah, usa,19 hours left,7012
423,423,15050,infiniti,mpv,2019,clean vehicle,26786.0,white,  jn8az2ne9k9229368,167256592,texas, usa,17 hours left,17069
424,424,3960,hyundai,doors,2019,clean vehicle,35623.0,red,  5npd84lf5kh403222,167697946,ohio, usa,2 days left,5979
425,425,36300,lincoln,nautilus,2019,clean vehicle,14541.0,black,  2lmpj6l91kbl31468,167151980,california, usa,1 days left,38319
426,426,55600,lexus,gx,2020,clean vehicle,8186.0,silver,  jtjam7bx4l5251250,167605747,florida, usa,2 days left,57620
427,427,2630,nissan,doors,2018,clean vehicle,36739.0,gray,  3n1cn7ap5jl872135,167692446,california, usa,20 hours left,4648
428,428,5690,nissan,mpv,2017,clean vehicle,42616.0,blue,  5n1at2mv4hc773816,167668377,new jersey, usa,17 hours left,7707
429,429,19500,audi,q5,2017,clean vehicle,65833.0,blue,  wa1l2afpxha049370,167339535,texas, usa,3 days left,21517
430,430,450,chevrolet,coupe,2008,salvage insurance,123515.0,yellow,  1g1al18f587145539,167650407,minnesota, usa,2 days left,2458
431,431,20400,cadillac,door,2015,clean vehicle,36122.0,white,  3gyfnee39fs587810,167780469,wisconsin, usa,2 days left,22415
432,432,4320,chevrolet,door,2011,clean vehicle,88359.0,brown,  2cnfleec9b6313197,167660381,florida, usa,22 hours left,6331
433,433,33001,ford,f-150,2017,clean vehicle,35905.0,gray,  1ftfw1eg3hfc66707,167765248,michigan, usa,2 days left,35018
434,434,10000,ford,door,2017,salvage insurance,35747.0,red,  1ftew1efxhkc69002,167357511,arkansas, usa,17 hours left,12017
435,435,0,ford,door,2004,salvage insurance,167011.0,red,  1fmfu18l84lb61201,167601555,maryland, usa,16 hours left,2004
436,436,5790,gmc,door,2012,clean vehicle,105020.0,white,  1gtr2ve74cz121991,167702672,utah, usa,19 hours left,7802
437,437,14750,infiniti,mpv,2019,clean vehicle,11047.0,black,  jn8az2nexk9236071,167256600,texas, usa,17 hours left,16769
438,438,4010,hyundai,doors,2019,clean vehicle,31233.0,silver,  kmhd84lf4ku746279,167697947,ohio, usa,2 days left,6029
439,439,40000,mercedes-benz,gle,2019,clean vehicle,19427.0,white,  4jgda5gb4kb204919,167152151,california, usa,1 days left,42019
440,440,13000,kia,sportage,2017,clean vehicle,71991.0,silver,  kndpn3ac7h7113313,167606881,new jersey, usa,2 hours left,15017
441,441,3550,nissan,doors,2018,clean vehicle,29043.0,blue,  3n1ab7ap2jy244200,167692447,california, usa,20 hours left,5568
442,442,3040,nissan,doors,2017,clean vehicle,36064.0,gray,  3n1ab7ap5hy411143,167668543,new jersey, usa,17 hours left,5057
443,443,0,chevrolet,coupe,2008,salvage insurance,270080.0,yellow,  1g1al18f187245041,167650422,illinois, usa,17 hours left,2008
444,444,36400,audi,5,2015,clean vehicle,47213.0,black,  wuac6bfr0fa901212,167780470,wisconsin, usa,2 days left,38415
445,445,4480,ford,door,2011,clean vehicle,116480.0,black,  2fmdk3gc0bbb23680,167660383,florida, usa,23 hours left,6491
446,446,31003,ford,door,2017,clean vehicle,72084.0,red,  1ftew1eg0hfb93193,167765253,michigan, usa,20 hours left,33020
447,447,75,ford,pickup,2001,salvage insurance,295780.0,gold,  1ftrw08l61kc05834,167357592,arkansas, usa,17 hours left,2076
448,448,8850,gmc,door,2011,clean vehicle,148035.0,white,  1gt120c83bf236190,167702770,utah, usa,19 hours left,10861
449,449,14750,infiniti,mpv,2019,clean vehicle,11396.0,white,  jn8az2nexk9236037,167256601,texas, usa,17 hours left,16769
450,450,4690,hyundai,mpv,2019,clean vehicle,33785.0,silver,  km8k12aa0ku242609,167697948,ohio, usa,2 days left,6709
451,451,23000,land,sport,2018,clean vehicle,20103.0,black,  salcp2rx6jh739311,167153784,california, usa,1 days left,25018
452,452,46900,land,discovery,2018,clean vehicle,32387.0,black,  salrr2rk0ja052195,167606908,florida, usa,2 days left,48918
453,453,10740,mercedes-benz,doors,2018,clean vehicle,48140.0,white,  wddwk4jb2jf613298,167692448,california, usa,20 hours left,12758
454,454,3160,nissan,doors,2017,clean vehicle,34861.0,gray,  3n1ab7ap0hy315498,167668544,new jersey, usa,17 hours left,5177
455,455,0,chevrolet,door,2006,salvage insurance,268040.0,silver,  1g1zt53f46f254868,167650486,texas, usa,17 hours left,2006
456,456,3450,chrysler,door,2011,clean vehicle,114119.0,gold,  1c3bc1fg1bn519076,167660385,florida, usa,22 hours left,5461
457,457,27102,ford,f-150,2017,clean vehicle,34165.0,red,  1ftfw1eg1hfb78397,167765256,michigan, usa,2 days left,29119
458,458,500,gmc,door,2018,salvage insurance,27442.0,black,  1gkknmls5jz177336,167357601,arkansas, usa,17 hours left,2518
459,459,5100,gmc,door,2011,clean vehicle,144792.0,white,  1gtr2uea3bz242502,167702772,utah, usa,19 hours left,7111
460,460,15010,infiniti,mpv,2019,clean vehicle,11394.0,beige,  jn8az2ne8k9236456,167256603,texas, usa,17 hours left,17029
461,461,5800,jeep,mpv,2019,clean vehicle,30546.0,silver,  1c4pjldb3kd419559,167697949,ohio, usa,2 days left,7819
462,462,23200,land,sport,2018,clean vehicle,23745.0,black,  salcp2rx0jh740860,167153788,california, usa,1 days left,25218
463,463,8000,hyundai,door,2015,clean vehicle,88274.0,red,  km8jucag9fu984199,167607388,pennsylvania, usa,7 days left,10015
464,464,3390,nissan,doors,2018,clean vehicle,38349.0,gray,  3n1ab7ap5jy293102,167692449,california, usa,20 hours left,5408
465,465,3140,nissan,doors,2017,clean vehicle,30142.0,white,  3n1ab7ap1hy310259,167668545,new jersey, usa,17 hours left,5157
466,466,25,chevrolet,door,2007,salvage insurance,267834.0,black,  3gnfk12387g179905,167650490,texas, usa,17 hours left,2032
467,467,15000,bmw,door,2014,clean vehicle,44730.0,silver,  wba3b5g54ens10419,167780701,illinois, usa,21 hours left,17014
468,468,10440,chevrolet,cab,2011,clean vehicle,92476.0,blue,  1gc1kyc87bf185906,167660387,florida, usa,23 hours left,12451
469,469,23911,ford,f-150,2017,clean vehicle,25698.0,black,  1ftew1cf3hfb78746,167765258,michigan, usa,20 hours left,25928
470,470,25,ford,pk,2010,salvage insurance,155242.0,gray,  1ftfx1ev7akc32939,167357792,oklahoma, usa,17 hours left,2035
471,471,21400,gmc,acadia,2018,clean vehicle,54332.0,gray,  1gkknwls6jz133440,167602130,new jersey, usa,2 hours left,23418
472,472,5380,gmc,cab,2011,clean vehicle,119215.0,white,  1gt120cg5bf167316,167702775,utah, usa,19 hours left,7391
473,473,11000,jeep,mpv,2019,clean vehicle,8930.0,red,  1c4hjxeg0kw596497,167256941,michigan, usa,2 days left,13019
474,474,4950,jeep,mpv,2019,clean vehicle,46985.0,silver,  1c4pjllb6kd184477,167697950,ohio, usa,2 days left,6969
475,475,22500,land,sport,2018,clean vehicle,30220.0,black,  salcp2rx7jh741147,167153791,california, usa,2 days left,24518
476,476,30300,maserati,ghibli,2017,clean vehicle,37021.0,black,  zam57xslxh1248775,167607797,florida, usa,2 days left,32317
477,477,2630,nissan,doors,2018,clean vehicle,43152.0,white,  3n1cn7ap5jl882275,167692452,california, usa,20 hours left,4648
478,478,3140,nissan,doors,2017,clean vehicle,34318.0,silver,  3n1ab7ap1hl639346,167668546,new jersey, usa,17 hours left,5157
479,479,2300,chevrolet,door,2011,salvage insurance,88287.0,white,  1gnskbe03br198151,167650581,arkansas, usa,17 hours left,4311
480,480,4310,chevrolet,door,2011,clean vehicle,105486.0,black,  2cnaldec6b6382868,167660398,florida, usa,22 hours left,6321
481,481,26012,ford,door,2017,clean vehicle,19850.0,black,  1ftew1ef2hfb83224,167765260,michigan, usa,20 hours left,28029
482,482,75,ford,door,2014,salvage insurance,116535.0,silver,  1fadp3k26el249167,167357800,oklahoma, usa,17 hours left,2089
483,483,48500,gmc,1500,2019,clean vehicle,15777.0,black,  1gtu9fel6kz311976,167603375,pennsylvania, usa,1 days left,50519
484,484,3330,gmc,mpv,2009,clean vehicle,87448.0,white,  1gtgg25k391106224,167702843,utah, usa,19 hours left,5339
485,485,11200,jeep,mpv,2019,clean vehicle,8395.0,yellow,  1c4hjxeg7kw589272,167256942,michigan, usa,2 days left,13219
486,486,4730,hyundai,mpv,2019,clean vehicle,30121.0,red,  km8j23a45ku893842,167697951,ohio, usa,2 days left,6749
487,487,24900,mercedes-benz,glc,2018,clean vehicle,33687.0,white,  wdc0g4jb4jv097463,167153811,california, usa,1 days left,26918
488,488,29400,mercedes-benz,e-class,2017,clean vehicle,37561.0,blue,  wddzf4jb6ha277485,167607863,florida, usa,2 days left,31417
489,489,8350,nissan,cab,2018,clean vehicle,32256.0,gray,  1n6aa1ej3jn519666,167692453,california, usa,20 hours left,10368
490,490,475,peterbilt,truck,2012,salvage insurance,902041.0,gold,  1xp4d49x9cd123630,167529786,florida, usa,17 hours left,2487
491,491,3210,nissan,doors,2017,clean vehicle,25255.0,black,  3n1ab7apxhy302645,167668547,new jersey, usa,17 hours left,5227
492,492,25,chevrolet,van,2006,salvage insurance,165327.0,white,  1gndu23l46d143789,167650597,arkansas, usa,17 hours left,2031
493,493,4200,chevrolet,cutaway,2006,clean vehicle,118009.0,white,  1gbhg31u661113654,167781216,wisconsin, usa,21 hours left,6206
494,494,8430,chevrolet,utility,2011,clean vehicle,114547.0,black,  3gntkge3xbg398052,167660399,florida, usa,22 hours left,10441
495,495,25503,ford,f-150,2017,clean vehicle,18647.0,black,  1ftmf1ef2hfb83980,167765261,michigan, usa,9 minutes,27520
496,496,0,ford,pickup,1996,salvage insurance,252588.0,red,  1ftef15n0tlc14455,167357804,oklahoma, usa,17 hours left,1996
497,497,26000,gmc,limited,2019,clean vehicle,16669.0,black,  2gtv2mecxk1173011,167603430,pennsylvania, usa,1 days left,28019
498,498,3900,honda,doors,2017,clean vehicle,47970.0,blue,  2hgfc2f52hh522914,167702907,virginia, usa,2 days left,5917
499,499,11200,jeep,mpv,2019,clean vehicle,12905.0,gray,  1c4hjxeg7kw590115,167256952,michigan, usa,2 days left,13219
500,500,8610,jeep,mpv,2019,clean vehicle,22123.0,silver,  1c4rjebg1kc776053,167697952,ohio, usa,2 days left,10629
501,501,28000,mercedes-benz,gle,2018,clean vehicle,40780.0,white,  4jgda5jbxjb046383,167153817,california, usa,1 days left,30018
502,502,84900,mercedes-benz,sl-class,2017,clean vehicle,25302.0,silver,  wddjk7ea3hf044968,167607883,florida, usa,2 days left,86917
503,503,10840,lexus,mpv,2017,clean vehicle,36596.0,black,  2t2bzmca4hc087456,167692655,california, usa,20 hours left,12857
504,504,100,peterbilt,truck,2012,salvage insurance,0.0,blue,  1xp4d49x1cd144875,167529787,florida, usa,17 hours left,2112
505,505,11050,ram,door,2017,clean vehicle,30421.0,white,  1c6rr7pt3hs659994,167668548,new jersey, usa,17 hours left,13067
506,506,0,chevrolet,door,2012,salvage insurance,134938.0,orange,  1g1jc5sh7c4114661,167650604,oklahoma, usa,17 hours left,2012
507,507,1000,chevrolet,door,2005,clean vehicle,135675.0,gray,  1gnet16s156132062,167781219,wisconsin, usa,21 hours left,3005
508,508,3570,dodge,door,2015,clean vehicle,17355.0,black,  3c4pdcab2ft637813,167660417,georgia, usa,2 days left,5585
509,509,25001,ford,door,2017,clean vehicle,27773.0,gray,  1ftfw1ef5hfb70262,167765268,michigan, usa,2 days left,27018
510,510,0,ford,door,2010,salvage insurance,86841.0,silver,  3fahp0ga3ar366961,167357806,oklahoma, usa,17 hours left,2010
511,511,5630,gmc,mpv,2017,clean vehicle,58366.0,black,  2gkfltek2h6317685,167702915,virginia, usa,2 days left,7647
512,512,11100,jeep,mpv,2019,clean vehicle,11229.0,white,  1c4hjxegxkw589301,167256954,michigan, usa,2 days left,13119
513,513,4650,hyundai,mpv,2019,clean vehicle,27492.0,white,  km8j23a44ku882752,167697953,ohio, usa,2 days left,6669
514,514,0,lincoln,door,2005,salvage insurance,89705.0,green,  1lnhm87a25y619997,167154617,minnesota, usa,17 hours left,2005
515,515,3820,nissan,mpv,2016,clean vehicle,41654.0,blue,  5n1at2mn5gc894272,167692784,california, usa,20 hours left,5836
516,516,0,peterbilt,truck,2009,salvage insurance,982486.0,blue,  1xp7d49x09d784257,167529788,florida, usa,17 hours left,2009
517,517,2900,nissan,doors,2017,clean vehicle,31954.0,gray,  3n1ab7ap6hy249992,167668549,new jersey, usa,17 hours left,4917
518,518,50,chevrolet,door,2008,salvage insurance,172102.0,blue,  1g1al58f787159241,167650632,texas, usa,17 hours left,2058
519,519,5100,chevrolet,pickup,2004,clean vehicle,173321.0,gray,  1gchk23204f232462,167781222,wisconsin, usa,21 hours left,7104
520,520,4700,dodge,door,2015,clean vehicle,93423.0,red,  3c4pdcgb7ft597655,167660427,georgia, usa,2 days left,6715
521,521,29502,ford,f-150,2017,clean vehicle,14053.0,red,  1ftfw1eg1hke28907,167765275,michigan, usa,2 days left,31519
522,522,0,ford,door,2008,salvage insurance,145483.0,red,  1fmcu03128kc80487,167357813,oklahoma, usa,17 hours left,2008
523,523,6160,honda,door,2017,clean vehicle,25956.0,white,  1hgct1b89ha002933,167702919,virginia, usa,2 days left,8177
524,524,10910,jeep,mpv,2019,clean vehicle,12253.0,red,  1c4hjxeg8kw651309,167256956,michigan, usa,2 days left,12929
525,525,3440,hyundai,doors,2019,clean vehicle,34895.0,gray,  3kpc24a34ke050725,167697954,ohio, usa,2 days left,5459
526,526,16000,mazda,cx-3,2016,clean vehicle,47753.0,gray,  jm1dkbd74g0123647,167608540,florida, usa,2 days left,18016
527,2348,17500,nissan,altima,2019,clean vehicle,25664.0,black,  1n4bl4ev6kc195850,167615509,minnesota, usa,14 hours left,19519
528,2349,17100,nissan,altima,2019,clean vehicle,31026.0,black,  1n4bl4ev5kc113073,167615512,minnesota, usa,14 hours left,19119
529,2350,15800,nissan,altima,2019,clean vehicle,41287.0,silver,  1n4bl4cv1kc146106,167615513,minnesota, usa,14 hours left,17819
530,2351,13600,nissan,altima,2019,clean vehicle,43612.0,black,  1n4bl4bv6kc147611,167615514,minnesota, usa,14 hours left,15619
531,2352,14400,nissan,altima,2019,clean vehicle,29545.0,black,  1n4bl4bv2kc158895,167615515,minnesota, usa,14 hours left,16419
532,2353,19800,nissan,frontier,2019,clean vehicle,24303.0,silver,  1n6ad0er7kn757187,167615516,minnesota, usa,14 hours left,21819
533,2354,17200,nissan,altima,2019,clean vehicle,29661.0,gray,  1n4bl4ev9kc174619,167615517,minnesota, usa,14 hours left,19219
534,2355,20300,nissan,frontier,2019,clean vehicle,18857.0,silver,  1n6ad0ev1kn770708,167615518,minnesota, usa,14 hours left,22319
535,2356,20500,nissan,frontier,2019,clean vehicle,14470.0,gray,  1n6ad0ev7kn771684,167615521,minnesota, usa,14 hours left,22519
536,2357,16500,nissan,altima,2019,clean vehicle,42364.0,silver,  1n4bl4ev6kc182600,167615522,minnesota, usa,14 hours left,18519
537,2358,16000,nissan,altima,2019,clean vehicle,37108.0,black,  1n4bl4cv4kc215340,167615523,minnesota, usa,14 hours left,18019
538,2359,14600,nissan,altima,2019,clean vehicle,26432.0,blue,  1n4bl4bv3kc205738,167615526,minnesota, usa,14 hours left,16619
539,2360,16300,nissan,rogue,2019,clean vehicle,24174.0,white,  knmat2mt6kp511315,167615736,minnesota, usa,14 hours left,18319
540,2361,15400,nissan,sport,2019,clean vehicle,30756.0,silver,  jn1bj1cr6kw314745,167615737,minnesota, usa,14 hours left,17419
541,2362,15800,nissan,rogue,2019,clean vehicle,32473.0,blue,  knmat2mt5kp510172,167615738,minnesota, usa,14 hours left,17819
542,2363,15800,nissan,sport,2019,clean vehicle,22947.0,blue,  jn1bj1cr1kw325880,167615740,minnesota, usa,14 hours left,17819
543,2364,21400,nissan,murano,2018,clean vehicle,17127.0,white,  5n1az2mg6jn171087,167753273,georgia, usa,21 hours left,23418
544,2365,15300,nissan,kicks,2019,clean vehicle,20793.0,gray,  3n1cp5cu6kl530566,167615741,minnesota, usa,14 hours left,17319
545,2366,20100,nissan,pathfinder,2019,clean vehicle,32519.0,black,  5n1dr2mm2kc630096,167615742,minnesota, usa,14 hours left,22119
546,2367,11300,nissan,sentra,2019,clean vehicle,26930.0,gray,  3n1ab7apxky263126,167615743,minnesota, usa,14 hours left,13319
547,2368,10700,nissan,sentra,2019,clean vehicle,40839.0,black,  3n1ab7ap7ky221626,167615744,minnesota, usa,14 hours left,12719
548,2369,16000,nissan,rogue,2018,clean vehicle,44732.0,no_color,  jn1butcp0jw1s4309,167753283,south carolina, usa,21 hours left,18018
549,2370,16600,nissan,rogue,2019,clean vehicle,19292.0,white,  5n1at2mt3kc829542,167615745,minnesota, usa,14 hours left,18619
550,2371,15800,nissan,sport,2019,clean vehicle,24155.0,gray,  jn1bj1cr4kw315960,167615746,minnesota, usa,14 hours left,17819
551,2372,11600,nissan,sentra,2019,clean vehicle,33369.0,black,  3n1ab7ap9kl608997,167615747,minnesota, usa,14 hours left,13619
552,2373,15000,nissan,rogue,2017,clean vehicle,28918.0,red,  jn8at2mv7hw264732,167753299,virginia, usa,21 hours left,17017
553,2374,17600,nissan,rogue,2019,clean vehicle,21623.0,blue,  knmat2mv3kp536609,167615748,minnesota, usa,14 hours left,19619
554,2375,36300,nissan,xd,2017,clean vehicle,16224.0,white,  1n6ba1f46hn535299,167753308,virginia, usa,21 hours left,38317
555,2376,15600,nissan,sport,2019,clean vehicle,26406.0,silver,  jn1bj1cr4kw325341,167615749,minnesota, usa,14 hours left,17619
556,2377,14000,nissan,rogue,2017,clean vehicle,27790.0,green,  knmat2mv8hp516090,167753310,virginia, usa,21 hours left,16017
557,2378,16600,nissan,rogue,2019,clean vehicle,19182.0,black,  knmat2mt6kp529541,167615750,minnesota, usa,14 hours left,18619
558,2379,12600,nissan,sentra,2017,clean vehicle,11837.0,gray,  3n1ab7ap1hy384412,167753312,tennessee, usa,21 hours left,14617
559,2380,20900,nissan,pathfinder,2019,clean vehicle,21774.0,black,  5n1dr2mm1kc635595,167615751,minnesota, usa,14 hours left,22919
560,2381,12700,nissan,door,2017,clean vehicle,17738.0,black,  1n4al3apxhc122728,167753319,tennessee, usa,21 hours left,14717
561,2382,15600,nissan,sport,2019,clean vehicle,27206.0,white,  jn1bj1cr3kw312158,167615752,minnesota, usa,14 hours left,17619
562,2383,18900,nissan,rogue,2019,clean vehicle,20508.0,silver,  5n1at2mt7kc832007,167615753,minnesota, usa,14 hours left,20919
563,2384,15700,nissan,sport,2019,clean vehicle,24987.0,blue,  jn1bj1cr6kw323624,167615754,minnesota, usa,14 hours left,17719
564,2385,21900,nissan,pathfinder,2019,clean vehicle,21273.0,gray,  5n1dr2mm6kc637875,167615755,minnesota, usa,14 hours left,23919
565,2386,21700,nissan,pathfinder,2019,clean vehicle,23863.0,black,  5n1dr2mm9kc621704,167615756,minnesota, usa,14 hours left,23719
566,2387,14600,nissan,rogue,2016,clean vehicle,31566.0,gray,  knmat2mv8gp727076,167753610,virginia, usa,21 hours left,16616
567,2388,12000,nissan,sentra,2019,clean vehicle,25261.0,gray,  3n1ab7ap2ky279224,167615757,minnesota, usa,14 hours left,14019
568,2389,21000,nissan,pathfinder,2019,clean vehicle,20628.0,silver,  5n1dr2mm3kc636893,167615758,minnesota, usa,14 hours left,23019
569,2390,12500,nissan,door,2017,clean vehicle,48765.0,blue,  1n4al3ap5hc144474,167754110,pennsylvania, usa,2 days left,14517
570,2391,15900,nissan,rogue,2019,clean vehicle,30645.0,silver,  knmat2mt9kp518680,167615759,minnesota, usa,14 hours left,17919
571,2392,11800,nissan,door,2017,clean vehicle,60158.0,red,  1n4al3ap1hc129888,167754120,pennsylvania, usa,3 days left,13817
572,2393,9900,nissan,versa,2019,clean vehicle,39985.0,blue,  3n1cn7ap9kl804020,167615760,minnesota, usa,14 hours left,11919
573,2394,10600,nissan,sentra,2018,clean vehicle,39208.0,black,  3n1ab7ap6jl660439,167615915,minnesota, usa,14 hours left,12618
574,2395,10100,nissan,sentra,2018,clean vehicle,45080.0,black,  3n1ab7ap1jy239344,167615916,minnesota, usa,14 hours left,12118
575,2396,13300,nissan,sport,2018,clean vehicle,39247.0,gray,  jn1bj1cr7jw262489,167615917,minnesota, usa,14 hours left,15318
576,2397,10100,nissan,sentra,2018,clean vehicle,46382.0,white,  3n1ab7ap7jy308330,167615920,minnesota, usa,14 hours left,12118
577,2398,10300,nissan,sentra,2018,clean vehicle,39893.0,black,  3n1ab7ap4jy297769,167615921,minnesota, usa,14 hours left,12318
578,2399,10300,nissan,sentra,2018,clean vehicle,41203.0,gray,  3n1ab7ap7jy307016,167615924,minnesota, usa,14 hours left,12318
579,2400,10300,nissan,sentra,2018,clean vehicle,40648.0,blue,  3n1ab7ap1jy308971,167615929,minnesota, usa,14 hours left,12318
580,2401,24000,nissan,murano,2018,clean vehicle,31551.0,gray,  5n1az2mhxjn157718,167615931,minnesota, usa,14 hours left,26018
581,2402,10400,nissan,sentra,2018,clean vehicle,38761.0,gray,  3n1ab7ap0jy322490,167615932,minnesota, usa,14 hours left,12418
582,2403,10200,nissan,sentra,2018,clean vehicle,42838.0,gray,  3n1ab7ap3jy324878,167615934,minnesota, usa,14 hours left,12218
583,2404,9500,nissan,versa,2018,clean vehicle,41557.0,blue,  3n1cn7ap6jl823820,167615935,minnesota, usa,14 hours left,11518
584,2405,10500,nissan,sentra,2018,clean vehicle,41136.0,black,  3n1ab7ap9jl662721,167615936,minnesota, usa,14 hours left,12518
585,2406,10500,nissan,sentra,2018,clean vehicle,41141.0,silver,  3n1ab7apxjl642008,167615937,minnesota, usa,14 hours left,12518
586,2407,3500,nissan,door,2016,clean vehicle,115716.0,blue,  1n4al3ap3gn379927,167754978,pennsylvania, usa,2 days left,5516
587,2408,9300,nissan,versa,2018,clean vehicle,52260.0,black,  3n1cn7ap6jl882723,167615938,minnesota, usa,14 hours left,11318
588,2409,14100,nissan,rogue,2016,clean vehicle,22041.0,silver,  knmat2mv4gp710291,167755074,pennsylvania, usa,2 days left,16116
589,2410,2425,nissan,door,2012,salvage insurance,161836.0,black,  jn8af5mr5ct111885,167616381,tennessee, usa,2 days left,4437
590,2411,925,nissan,door,2012,salvage insurance,83720.0,silver,  jn8as5mt4cw269429,167616386,tennessee, usa,2 days left,2937
591,2412,11000,nissan,rogue,2016,clean vehicle,37605.0,black,  knmat2mv1gp666895,167755079,pennsylvania, usa,2 days left,13016
592,2413,11000,nissan,rogue,2016,clean vehicle,63738.0,green,  knmat2mvxgp669049,167755083,pennsylvania, usa,18 hours left,13016
593,2414,2100,nissan,door,2013,salvage insurance,155704.0,silver,  5n1ar2mn3dc619753,167616437,tennessee, usa,2 days left,4113
594,2415,800,nissan,door,2012,salvage insurance,234792.0,black,  1n4al2ap9cc190456,167617515,florida, usa,2 days left,2812
595,2416,20400,nissan,pathfinder,2018,clean vehicle,24143.0,silver,  5n1dr2mn2jc625942,167755645,south carolina, usa,21 hours left,22418
596,2417,375,nissan,door,2017,salvage insurance,1.0,red,  3n1ce2cp0hl360793,167619908,north carolina, usa,2 days left,2392
597,2418,3000,nissan,door,2015,clean vehicle,132655.0,beige,  1n4al3ap4fn890836,167755716,pennsylvania, usa,2 days left,5015
598,2419,15100,nissan,rogue,2017,clean vehicle,28079.0,gray,  5n1at2mt7hc846000,167756005,south carolina, usa,21 hours left,17117
599,2420,4000,nissan,door,2015,salvage insurance,74906.0,silver,  3n1ab7ap9fl684869,167600173,north carolina, usa,8 days left,6015
600,2421,19500,nissan,door,2017,clean vehicle,53155.0,gray,  1n4aa6ap1hc373256,167756070,south carolina, usa,21 hours left,21517
601,2422,22600,nissan,titan,2017,clean vehicle,94258.0,gray,  1n6aa1e66hn506500,167756217,south carolina, usa,21 hours left,24617
602,2423,6500,nissan,door,2014,clean vehicle,65620.0,white,  5n1at2mv7ec872853,167756750,pennsylvania, usa,2 hours left,8514
603,2424,11800,nissan,door,2012,clean vehicle,92878.0,gray,  5n1aa0nc6cn602411,167757923,pennsylvania, usa,2 days left,13812
604,2425,20500,nissan,pathfinder,2017,clean vehicle,25918.0,white,  5n1dr2mm1hc690282,167760073,missouri, usa,4 days left,22517
605,2426,14200,nissan,rogue,2018,clean vehicle,37830.0,black,  knmat2mt9jp601489,167760120,ohio, usa,21 hours left,16218
606,2427,22000,nissan,frontier,2018,clean vehicle,13875.0,white,  1n6dd0ev1jn706650,167760125,ohio, usa,21 hours left,24018
607,2428,16200,nissan,frontier,2018,clean vehicle,6024.0,silver,  1n6bd0ct2jn715379,167760126,ohio, usa,21 hours left,18218
608,2429,4800,nissan,door,2016,salvage insurance,76789.0,gray,  1n4al3apxgn304206,167612538,texas, usa,17 hours left,6816
609,2430,16000,nissan,sport,2018,clean vehicle,30409.0,black,  jn1bj1cr2jw289275,167760153,ohio, usa,21 hours left,18018
610,2431,14300,nissan,sport,2018,clean vehicle,44864.0,gray,  jn1bj1cr3jw263168,167760154,ohio, usa,21 hours left,16318
611,2432,16800,nissan,pathfinder,2019,clean vehicle,42397.0,silver,  5n1dr2mn9kc600778,167715808,florida, usa,21 hours left,18819
612,2433,11900,nissan,sentra,2018,clean vehicle,16778.0,gray,  3n1ab7ap8jl635929,167760156,ohio, usa,21 hours left,13918
613,2434,3000,nissan,door,2015,salvage insurance,99767.0,gray,  3n1ab7ap5fy313713,167615607,south carolina, usa,2 days left,5015
614,2435,15000,nissan,rogue,2019,clean vehicle,34692.0,gray,  knmat2mt8kp524910,167715810,florida, usa,21 hours left,17019
615,2436,15200,nissan,rogue,2019,clean vehicle,30721.0,gray,  knmat2mt6kp525148,167715816,florida, usa,21 hours left,17219
616,2437,18000,nissan,door,2017,clean vehicle,53376.0,black,  1n4aa6apxhc456376,167760480,ohio, usa,21 hours left,20017
617,2438,22700,nissan,nvp,2016,clean vehicle,21282.0,white,  5bzbf0aa5gn855028,167760621,ohio, usa,21 hours left,24716
618,2439,3800,nissan,door,2015,clean vehicle,81699.0,blue,  3n1ab7ap8fy311793,167761429,texas, usa,5 days left,5815
619,2440,5475,nissan,door,2018,salvage insurance,33048.0,black,  1n4al3ap6jc271871,167623074,connecticut, usa,2 days left,7493
620,2441,11400,nissan,sentra,2018,clean vehicle,10372.0,blue,  3n1ab7apxjy272844,167761650,illinois, usa,21 hours left,13418
621,2442,28100,nissan,pathfinder,2018,clean vehicle,8889.0,silver,  5n1dr2mm3jc651473,167761668,illinois, usa,21 hours left,30118
622,2443,3500,nissan,sentra,2017,clean vehicle,127780.0,gray,  3n1ab7ap2hy357557,167761839,illinois, usa,21 hours left,5517
623,2444,15200,nissan,murano,2016,clean vehicle,59640.0,orange,  5n1az2mg0gn147411,167761998,illinois, usa,21 hours left,17216
624,2445,1950,nissan,door,2015,salvage insurance,83975.0,blue,  3n1ce2cp7fl440279,167631651,california, usa,2 days left,3965
625,2446,13400,nissan,rogue,2016,clean vehicle,46178.0,black,  knmat2mv3gp680121,167762003,illinois, usa,21 hours left,15416
626,2447,12500,nissan,altima,2018,clean vehicle,34460.0,gray,  1n4al3ap1jc193208,167762095,florida, usa,2 days left,14518
627,2448,16500,nissan,pathfinder,2018,clean vehicle,30594.0,black,  5n1dr2mm9jc667726,167762096,florida, usa,21 hours left,18518
628,2449,16500,nissan,pathfinder,2018,clean vehicle,39817.0,silver,  5n1dr2mm3jc649500,167762097,florida, usa,21 hours left,18518
629,2450,16500,nissan,pathfinder,2018,clean vehicle,40419.0,black,  5n1dr2mm9jc649808,167762098,florida, usa,21 hours left,18518
630,2451,13900,nissan,rogue,2018,clean vehicle,35493.0,black,  knmat2mt1jp582050,167762099,florida, usa,2 days left,15918
631,2452,13900,nissan,rogue,2018,clean vehicle,37073.0,gray,  knmat2mt6jp582724,167762100,florida, usa,21 hours left,15918
632,2453,1500,nissan,door,2013,salvage insurance,98384.0,black,  3n1ab7ap9dl691012,167652464,maryland, usa,3 days left,3513
633,2454,16500,nissan,pathfinder,2018,clean vehicle,34640.0,white,  5n1dr2mm5jc631645,167762101,florida, usa,21 hours left,18518
634,2455,13900,nissan,rogue,2018,clean vehicle,38760.0,white,  knmat2mt7jp582084,167762102,florida, usa,21 hours left,15918
635,2456,16500,nissan,pathfinder,2018,clean vehicle,34841.0,black,  5n1dr2mm0jc631567,167762103,florida, usa,2 days left,18518
636,2457,13900,nissan,rogue,2018,clean vehicle,35065.0,gray,  5n1at2mt8jc761351,167762104,florida, usa,2 days left,15918
637,2458,12400,nissan,altima,2018,clean vehicle,37741.0,black,  1n4al3apxjc193322,167762105,florida, usa,21 hours left,14418
638,2459,13000,nissan,altima,2018,clean vehicle,27488.0,gray,  1n4al3ap4jc153320,167762106,florida, usa,21 hours left,15018
639,2460,16500,nissan,pathfinder,2018,clean vehicle,37452.0,gray,  5n1dr2mm2jc632610,167762107,florida, usa,21 hours left,18518
640,2461,13900,nissan,rogue,2018,clean vehicle,39797.0,black,  knmat2mt2jp581604,167762108,florida, usa,21 hours left,15918
641,2462,16500,nissan,pathfinder,2018,clean vehicle,36714.0,black,  5n1dr2mm8jc627265,167762109,florida, usa,21 hours left,18518
642,2463,13900,nissan,rogue,2018,clean vehicle,36207.0,black,  5n1at2mt3jc761242,167762110,florida, usa,21 hours left,15918
643,2464,13900,nissan,rogue,2018,clean vehicle,38563.0,black,  knmat2mt4jp581457,167762111,florida, usa,21 hours left,15918
644,2465,13900,nissan,rogue,2018,clean vehicle,39885.0,silver,  5n1at2mt4jc764747,167762112,florida, usa,21 hours left,15918
645,2466,12100,nissan,altima,2018,clean vehicle,41852.0,silver,  1n4al3apxjc159820,167762113,florida, usa,21 hours left,14118
646,2467,16500,nissan,pathfinder,2018,clean vehicle,39454.0,silver,  5n1dr2mm6jc650009,167762116,florida, usa,21 hours left,18518
647,2468,16500,nissan,pathfinder,2018,clean vehicle,40203.0,blue,  5n1dr2mm3jc657841,167762117,florida, usa,21 hours left,18518
648,2469,13900,nissan,rogue,2018,clean vehicle,34547.0,white,  knmat2mtxjp581687,167762118,florida, usa,21 hours left,15918
649,2470,3700,nissan,door,2015,clean vehicle,75858.0,silver,  3n1ab7ap4fy228278,167762173,illinois, usa,2 days left,5715
650,2471,18800,nissan,pathfinder,2019,clean vehicle,31123.0,white,  5n1dr2mn9kc620299,167717945,north carolina, usa,21 hours left,20819
651,2472,9200,nissan,versa,2018,clean vehicle,33808.0,black,  3n1cn7ap3jl883781,167762207,florida, usa,2 days left,11218
652,2473,30100,nissan,titan,2019,clean vehicle,30599.0,black,  1n6aa1e56kn519701,167718010,north carolina, usa,21 hours left,32119
653,2474,9200,nissan,versa,2018,clean vehicle,33931.0,black,  3n1cn7ap5jl882616,167762208,florida, usa,2 days left,11218
654,2475,11100,nissan,sentra,2019,clean vehicle,40359.0,black,  3n1ab7apxkl613545,167718011,north carolina, usa,21 hours left,13119
655,2476,13900,nissan,rogue,2018,clean vehicle,44313.0,white,  knmat2mt8jp581980,167762209,florida, usa,21 hours left,15918
656,2477,9100,nissan,versa,2018,clean vehicle,33078.0,black,  3n1cn7ap0jl882846,167762210,florida, usa,21 hours left,11118
657,2478,22800,nissan,frontier,2019,clean vehicle,24320.0,black,  1n6ad0evxkn714086,167722343,illinois, usa,21 hours left,24819
658,2479,13900,nissan,rogue,2018,clean vehicle,42502.0,black,  knmat2mt3jp582048,167762211,florida, usa,21 hours left,15918
659,2480,12600,nissan,altima,2019,clean vehicle,33497.0,gray,  1n4bl4cv1kc171832,167722410,california, usa,1 days left,14619
660,2481,9200,nissan,versa,2018,clean vehicle,39577.0,silver,  3n1cn7ap7jl883833,167762212,florida, usa,2 days left,11218
661,2482,12100,nissan,altima,2019,clean vehicle,36974.0,gray,  1n4bl4cv8kc157345,167722413,california, usa,1 days left,14119
662,2483,9200,nissan,versa,2018,clean vehicle,41220.0,black,  3n1cn7ap6jl883130,167762213,florida, usa,21 hours left,11218
663,2484,2300,nissan,frontier,2019,clean vehicle,1.0,silver,  1n6ad0ev9kn786557,167722414,california, usa,1 days left,4319
664,2485,13900,nissan,rogue,2018,clean vehicle,41539.0,black,  knmat2mt4jp581250,167762214,florida, usa,21 hours left,15918
665,2486,9500,nissan,sentra,2019,clean vehicle,19646.0,black,  3n1ab7ap4ky350343,167722605,california, usa,1 days left,11519
666,2487,13900,nissan,rogue,2018,clean vehicle,39924.0,white,  knmat2mt6jp582092,167762218,florida, usa,21 hours left,15918
667,2488,1700,nissan,note,2019,clean vehicle,33279.0,red,  3n1ce2cp0kl363331,167722697,california, usa,1 days left,3719
668,2489,13900,nissan,rogue,2018,clean vehicle,40259.0,gray,  knmat2mt9jp582734,167762219,florida, usa,21 hours left,15918
669,2490,10400,nissan,sentra,2019,clean vehicle,25264.0,blue,  3n1ab7ap4ky323241,167722702,california, usa,1 days left,12419
670,2491,9200,nissan,versa,2018,clean vehicle,35677.0,black,  3n1cn7ap7jl882312,167762221,florida, usa,21 hours left,11218
671,2492,7400,nissan,versa,2019,clean vehicle,35511.0,black,  3n1cn7ap5kl841811,167722706,california, usa,1 days left,9419
672,2493,9200,nissan,versa,2018,clean vehicle,33027.0,black,  3n1cn7ap0jl883768,167762224,florida, usa,21 hours left,11218
673,2494,7800,nissan,versa,2019,clean vehicle,23609.0,red,  3n1cn7ap9kl880319,167722715,california, usa,1 days left,9819
674,2495,9200,nissan,versa,2018,clean vehicle,34553.0,silver,  3n1cn7ap5jl884088,167762225,florida, usa,21 hours left,11218
675,2496,9200,nissan,versa,2018,clean vehicle,31594.0,silver,  3n1cn7ap9jl884191,167762226,florida, usa,21 hours left,11218
676,2497,9200,nissan,versa,2018,clean vehicle,32557.0,black,  3n1cn7ap3jl883263,167762227,florida, usa,2 days left,11218
677,2498,9200,nissan,versa,2018,clean vehicle,31371.0,silver,  3n1cn7ap4jl884311,167762228,florida, usa,21 hours left,11218
